"Species","Type"
"VIBUEDU","4"
"RHODNEO","3"
"CARECOC","6"
"VICIAME","7"
"POPUTRE","2"
"ORYZASP","6"
"THALOCC","7"
"BERBAQU","3"
"ASTER","7"
"CARECAP","6"
"MAIASTE","7"
"BRYUCAE","9"
"PETAFRI4","7"
"VALEDIO","7"
"RHIZPSE","9"
"CAMPSTE","9"
"PICEENE","1"
"GALIBOR","7"
"EQUIARV","5"
"OSMOPUR","7"
"SENETRI","7"
"LONIUTA","4"
"HYPNLIN","9"
"SALIPLA","4"
"SYMPALB","4"
"PLATDIL","7"
"HERAMAX","7"
"SALISIT","2"
"BOTRVIG","5"
"PLAGELL","9"
"LATHOCH","7"
"LONIINV","4"
"RUBUIDA","4"
"ERIGERO","7"
"CORNCAN","7"
"STREAMP","7"
"RUBUPUB","12"
"LINNBOR","12"
"TARAOFF","7"
"CAREDIS","6"
"PACKPSE","7"
"MITENUD","7"
"NEOTBOR","7"
"PINUCON2","1"
"DREPANO","9"
"CORNSTO","4"
"CORATRI","8"
"GEUMMAC","7"
"PYROASA","7"
"ROSAACI","4"
"VIOLREN","7"
"GALITRF","7"
"SHEPCAN","4"
"PROSTRA","7"
"ELYMGLA","6"
"PEDIBRA","7"
"ANGEDAW","7"
"ABIELAS","1"
"PLATOBT","7"
"FRAGVIR","7"
"RIBELAC","4"
"MAIARAC","7"
"VIOLORB","7"
"VIOLADU","7"
"TRILOVA","7"
"CHAMANG","7"
"TRISSPI","6"
"CAREROS","6"
"GOODOBL","7"
"VACCCAE","12"
"EURYCON","7"
"CLADMAC","11"
"POLYJUN","9"
"SALIBEB","2"
"BRACHYL","9"
"OSMOBER","7"
"BRACSAL","9"
"CHIMUMB","12"
"AMELALN","4"
"CALARUB","6"
"RANUUNC","7"
"EURHPUL","9"
"VACCMYT","12"
"CIRSARV","7"
"MELIBUL","6"
"SPIRLUC","4"
"ARNICOR","7"
"ROELROE","9"
"FESTOCC","6"
"ARCTUVA","12"
"ACERGLA","4"
"ERYTGRA","7"
"ACHIMIL","7"
"PAXIMYR","3"
"GERAVIS","7"
"PSEURAD","9"
"RUBUPAR","4"
"ARNILAT","7"
"ALLICER","7"
"CALOAPI","7"
"PSEUMEN","1"
"CLEMOCC","4"
"ANTERAC","7"
"LUPISER","7"
"PSEUSPI","6"
"JUNICOM","3"
"CAMPROT","7"
"PENSTEM","7"
"RIBEVIS","4"
"HEUCCYL","7"
"PENSPRO","7"
"ARABHOL","7"
"SALIX","0"
"SAXIBRO1","7"
"CYSTFRA","5"
"SAXIFRA","7"
"ASTRAGA","7"
"LOMADIS","7"
"ARNISOR","7"
"FESTIDA","6"
"JUNCUS","6"
"DELPNUT","7"
"ROSAWOO","4"
"GEUMTRI","7"
"PRIMPAU1","7"
"CERAARV","7"
"DRYMGLA","7"
"MICRGRA","7"
"DANTCAL","6"
"TOXIVEN","7"
"WOODORE","5"
"SELAGIN","5"
"SEDUSTE","7"
"CASTMIN","7"
"ERIOUMB2","7"
"PENSCON","7"
"LOMATRI","7"
"VACCINI","0"
"BRYUPSE","9"
"ANTELUZ","7"
"RHYTROB","9"
"COLLPAR","7"
"HIERALI","7"
"CAREGEY","6"
"BROMVUL","6"
"CASTHIS","7"
"PLEUSCH","9"
"AULAPAL","9"
"PELTAPH","11"
"MENZFER","4"
"CLINUNI","7"
"VERAVIR","7"
"GYMNDRY","5"
"LYCOANN","5"
"PTILCRI","9"
"CALACAN","6"
"NEOTCOR","7"
"ALNUVIR2","4"
"ATHYFIL","5"
"ORTHSEC","7"
"MONEUNI","7"
"HYLOSPL","9"
"PYROCHL","7"
"PICEENG","1"
"ANTIOCC","7"
"TIMMAUS","9"
"SYMPCII","7"
"FRAGVES","7"
"LARIOCC","1"
"VIOLCAN","7"
"BRACVEL","9"
"VACCSCO","12"
"DICRFUS","9"
"PELTMAL","11"
"CLADECM","11"
"POHLNUT","9"
"PINUALB","1"
"XEROTEN","7"
"VACCMEM","4"
"SORBSCO","4"
"ACTARUB","7"
"BRACLEI","9"
"STRELAN","7"
"TIARTRI2","7"
"DICRSCO","9"
"LUPIARC","7"
"SILEMEN","7"
"CINNLAT","6"
"URTIDIO","7"
"RUBUPED","12"
"BRACHYT","9"
"SAMBRAC","4"
"LIGUCAN","7"
"SYMPFOL","7"
"AQUIFLA","7"
"PEDIRAC","7"
"ROSAGYM","4"
"SELADEN","5"
"VALESIT","7"
"ERYTHRO","7"
"ANTEMIC","7"
"CORAMAC","8"
"MELISPE","6"
"MNIUSPN","9"
"VIOLGLA","7"
"PARNFIM","7"
"TOMENIT","9"
"CAREFLA","6"
"SALICAN","4"
"MENYTRI","7"
"CAREX","6"
"SALIMYR","4"
"PRIMPAU","7"
"ANGEARG","7"
"COMAPAU","7"
"CAREAQU","6"
"CLADFIM","11"
"ANTENEG","7"
"PROSHOO","7"
"CORYCOR","4"
"PINUPON","1"
"PELTCAN","11"
"LONICIL","4"
"CLADMUL","11"
"SYMPLAE","7"
"HOLODIC","4"
"CARERIC","6"
"ROSANUT","4"
"RHYTTRI","9"
"MNIUM","9"
"CAREUTR","6"
"SORBSIT","4"
"TRISCAN","6"
"RHODALB","4"
"BARBLYC","10"
"RHIZPUN","9"
"RIBES","4"
"PELTLEU","11"
"NEOTTIA","7"
"VACCOVL","4"
"PECTBRE","7"
"TROLALB","7"
"CALTLEP","7"
"BROMCIL","6"
"TSUGHET","1"
"EQUISET","5"
"BRACRIV","9"
"SANIUNC","9"
"DICRTAU","9"
"THUJPLI","1"
"BARBILO","10"
"OSMORHI","7"
"GOODREP","7"
"DRYOEXP","5"
"ADENBIC","7"
"OPLOHOR","4"
"TAXUBRE","1"
"ANGELIC","7"
"LYCOCLA","5"
"PTERAQU","5"
"ALNUVIR","4"
"PINUMON","1"
"GAULOVA","12"
"CLARPUL","7"
"RACOCAN","9"
"PHYSMAL","4"
"PENSFRU","7"
"CRYPACR","5"
"TRAGDUB","7"
"EPILMIN","7"
"TORTULA","9"
"LUZUPAR","6"
"BROMTEC","6"
"BRACALB","9"
"PYRODEN","7"
"LILICOL","7"
"LUZULA","6"
"CALYBUL","7"
"PETAFRI3","7"
"TIARTRI","7"
"PLAGMED","9"
"ANAPMAR","7"
"TRIFOLI","7"
"LUZUMUL","6"
"ANTEUMB","7"
"BETUPAP","2"
"ARALNUD","7"
"ABIEGRA","1"
"APOCAND","7"
"VIOLA","7"
"JUNISCO","1"
"CLAYCOR","7"
"POPUTRI","2"
"PLAGINS","9"
"LITHRUD","7"
"BROMUS","6"
"LESCURA","9"
"CLADONI","11"
"POLYALI1","9"
"ACERGLA1","4"
"PSEUMEN1","1"
"NEOTBAN","7"
"DICRANU","9"
"PLAGLAE","9"
"EQUIPRA","5"
"GALITRD","7"
"LEPTPYR","7"
"PELTRUF","11"
"MARCPOL","10"
"CALLCOR","9"
"PHILCAP","9"
"GALIUM","7"
"PLATANT","7"
"CALLGIG","9"
"EPILOBI","7"
"TARAXAC","7"
"ARTEMIS","0"
"GENTIAE","7"
"ATRISEL","9"
"DICRPAI","9"
"POLYLYA","9"
"LARILYA","1"
"PHYLEMP","12"
"LUZUHIT","6"
"JUNCDRU","6"
"CARECOI","6"
"LOPHVEN","10"
"CARERAY","6"
"GENTIAN","7"
"EPILANA","7"
"CLAYLAN","7"
"DRABSTE","7"
"DESCPIN","7"
"RANUESC","7"
"ARENARI","7"
"POLYLOG","9"
"OZOMTRI","7"
"RHIZNUD","9"
"EQUISCI","5"
"SALIDIS","2"
"CLADPYX","11"
"NEOOFLO","10"
"MICRINT","7"
"BALSSAG","7"
"PHILFON","9"
"RIBEHUD","4"
"SYNTRUR","9"
"CARECUS","6"
"ERIOUMB","7"
"PRUNVIR","2"
"POLYTRI","9"
"SEDULAN","7"
"VACCMYL","4"
"SAXIBRO","7"
"VEROWOR","7"
"PHACHAS","7"
"WOODSCO","5"
"PENSLYA","7"
"PETAFRI2","7"
"RANUNCU","7"
"BROMCAR","6"
"CALAMAG","6"
"FESTUCA","6"
"ASTRROB","7"
"HEDYSUL","7"
"FRAGVIR1","7"
"SYMPSUB","7"
"CLADCHL","11"
"TORTMUC","9"
"CLEMOCC2","4"
"DICRPOL","9"
"PLAGDRU","9"
"BRACOED","9"
"ELYMCAN","6"
"VIOLPRA2","7"
"ACONCOL","7"
"EQUILAE","5"
"POHLIA","9"
"PICEGLA","1"
"AGROCAP","6"
"POLYMUN","5"
"PHEGCON","5"
"VACCPAR","4"
"BLECSPI","5"
"RHIZGLB","9"
"ABIEAMA","1"
"RHYTLOR","9"
"RUBUSPE","4"
"EURHORE","9"
"ALNURUB","2"
"PICESIT","1"
"PLAGPOR","10"
"RIBEBRA","4"
"SPHAGIR","9"
"PELLNEE","10"
"LYSIAME","7"
"PRUNPEN","2"
"LATHNEV","7"
"ELYMTRA2","6"
"ARTEFRI","7"
"ELYMGLA2","6"
"ACHNOCC","6"
"KOELMAC","6"
"ARABIS","7"
"MOEHLAT","7"
"POTENTI","0"
"PHLEPRA","6"
"PRUNVUL","7"
"RHINMIN","7"
"RACOMIT","9"
"POLYDOU","7"
"DESCCES","6"
"PEDICUL","7"
"CAREMAL","6"
"CHENALB","7"
"CLADARB","11"
"CLADGRA","11"
"CLADMIT","11"
"GEOCLIV","7"
"CLADUNC","11"
"CLADCOR","11"
"STEREOC","11"
"CLADCRI","11"
"CLADRAN","11"
"PIPTPUG","6"
"PELTIGE","11"
"CLADINA","11"
"RUBUARC","12"
"EMPENIG","12"
"CARESIT","6"
"RHODGRO","3"
"SPHAGNU","9"
"GAULHIS","12"
"VACCOXY","12"
"PICEMAR","1"
"POLEACU","7"
"SOLISIM","7"
"BERBREP","3"
"MAIACAN","7"
"PLATORB","7"
"SPIRDOU","4"
"SALIPED","4"
"SALIBAC","4"
"ELYMUS","6"
"ANTENNA","7"
"SPIRXPY","4"
"CETRARE","11"
"PROSART","7"
"RUBUARC1","12"
"ALNUINC","4"
"PENSERI","7"
"HETEVIL","7"
"PHLOCAE","7"
"ENCAVUL","9"
"CALOCHO","7"
"PURSTRI","4"
"COMAUMB","7"
"FRITPUD","7"
"PHYSDOU","7"
"CIRSUND","7"
"ALYSALY","7"
"FESTCAM","6"
"CLEMLIG","4"
"ERICNAU","4"
"CREPIS","7"
"CALOMAC","7"
"DELPBIC","7"
"AGOSGLA","7"
"SILEVUL","7"
"ACHNRIC","6"
"ANTEPUL","7"
"ARNIFUL","7"
"POA","6"
"ERIGFIL","7"
"ASTRMIS","7"
"BRODCOR","7"
"ASTRPUR","7"
"POLYRAM","7"
"ERIGPUM","7"
"HESPCOM1","6"
"PRUNEMA","2"
"LUPINUS","7"
"TRAGOPO","7"
"GAILARI","7"
"ARENSER","7"
"MONAFIS2","7"
"SYMPHOR","4"
"SILEANT","7"
"VERBTHA","7"
"LITHPAR","7"
"BOECDIV","7"
"BRYUM","9"
"CERAPUR","9"
"ERIGCOR","7"
"LOMAMAC","7"
"ARABTHA","7"
"ERIOGON","7"
"BARBCON","9"
"RANUGLA","7"
"ANEMMUL","7"
"MONTLIN","7"
"SISYALT","7"
"ARISPUR1","6"
"EPILBRA","7"
"VEROPER","7"
"TRITGRA","7"
"LAPPSQU","7"
"VEROARV","7"
"POTEGRA","7"
"ANTEDIM","7"
"PLANPAT","7"
"VERONIC","7"
"BOECSTR","7"
"MEDILUP","7"
"MYOSSTR","7"
"CAREPET","6"
"POTEPEN","7"
"DRABVER","7"
"HOLOUMB","7"
"MYOSARV","7"
"LEWIRED","7"
"POLYPIL","9"
"LAPPOCC2","7"
"MENTARV","7"
"CAMEMIC","7"
"TARAERY","7"
"PTERAND","8"
"CICHINT","7"
"ANTEPAR","7"
"CASTLUT","7"
"CREPATR","7"
"ZIGADEN","7"
"ORTHAFF","9"
"LESKNER","9"
"SYMPORE","4"
"VICIA","7"
"BROMJAP","6"
"DACTGLO","6"
"MELIOFF","7"
"CLADBEL","11"
"DRABNEM","7"
"PHLOX","7"
"MENTHA","7"
"ORTHOCA","7"
"GEUM","7"
"CLADCAI","11"
"GRIMMIA","9"
"ROSA","4"
"EURYRAD","7"
"CERASTI","7"
"RHAMALN","4"
"PLATUNA","7"
"HIERACI","7"
"CASTCER","7"
"FESTSAX","6"
"ERIGCOM","7"
"LINUPER","7"
"STRESTR","7"
"DIPHCOM","5"
"SCHIAGA","9"
"ERIOFLA","7"
"ERIOHER","7"
"BRYUARG","9"
"CEANVEL","3"
"SALISCO","2"
"VEROBEC1","7"
"THUIREC","9"
"PLAGCUS","9"
"TORRPAL1","6"
"EQUIHYE","5"
"SYMPOCC","4"
"EQUISYL","5"
"SCHIPUR","6"
"PACKPAC","7"
"ANTIELE","7"
"RIBEINE","4"
"AMBLYST","9"
"MYOSOTI","7"
"LATHLAN1","7"
"COLLLIN","7"
"IONASTE","7"
"EREMCAP","7"
"POTEARG","7"
"PELTNEC","11"
"CLADDEF","11"
"SENECIO","7"
"HOMAAEN","9"
"CETRERI","11"
"POTTNEV","9"
"POTTIA","9"
"STELLAR","7"
"LOGFARV","7"
"MONAFIS","7"
"PHACLIN","7"
"POLYMAJ","7"
"CREPRUN","7"
"ERIGSPE","7"
"TRIFREP","7"
"CIRSVUL","7"
"RANUACR","7"
"PELTPOY","11"
"CIRCALP","7"
"CLADPHY","11"
"MELALIN","7"
"STERTOM","11"
"ORYZOPS","6"
"VACCVIT","12"
"BRACHYH","9"
"LEYMINN","6"
"RIBEGLA","4"
"POPUBAL","2"
"MERTPAN","7"
"RIBEOXY","4"
"RIBETRI","4"
"RIBELAX","4"
"ELYMTRA","6"
"LONIDIO","4"
"LYCODEN","5"
"ELAECOM","4"
"BROMPUM","6"
"GENTAMA","7"
"DELPGLA","7"
"PETAFRI","7"
"SALIRET","12"
"FESTALT","6"
"ASTRCAN","7"
"PEDILAB","7"
"SENEPSU","7"
"COELVIR","7"
"POLEPUL","7"
"CLIMDEN","9"
"ALNUINC2","4"
"EPILCIL","7"
"OXYRDIG","7"
"ACONDEL","7"
"HEDYBOR","7"
"PARNPAL","7"
"CASTUNA","7"
"AGOSERI","7"
"GERARIC","7"
"CRYPTOG","5"
"SAXITRI","7"
"OXYTCAM2","7"
"ANGEGEN","7"
"SOLICAN","7"
"SANGSTI","7"
"SALIARC","12"
"ANEMONE","7"
"SALIGLA","4"
"HERACLE","7"
"PELTMEM","11"
"VACCALA","4"
"POLYCOM","9"
"COPTASP","7"
"ADIAALE","5"
"MAIADIL","7"
"MYLITAY","10"
"SCAPBOL","10"
"LEUCACA","9"
"RANUREP","7"
"TIARTRI3","7"
"GAULSHA","3"
"HOOKERI","9"
"LEUCOLE","9"
"HOOKLUC","9"
"OENASAR","7"
"BUCKUND","9"
"PECTPET","7"
"DRYOFIL","5"
"EURHPRA","9"
"DRYOCAR","5"
"PHYSCAP","4"
"POLYMIN","7"
"PHEGOPT","5"
"POLYBRA","5"
"BLEPHAR","10"
"CEPHALO","10"
"MALUFUS","2"
"JUNGERM","10"
"ANTICUR","9"
"ISOTMYO","9"
"ASPLVIR","5"
"SCHIZAC","6"
"CAREHAY","6"
"AGROSCA","6"
"DANTINT","6"
"ARTECAM","7"
"ABIEABI","9"
"HIERUMB","7"
"NEPHRES","11"
"PENSSER","7"
"PARMSUL","11"
"PINUS","1"
"LEUCVUL","7"
"GERAERI","7"
"PLANTAG","7"
"COLLINS","7"
"CLADPLE","11"
"STERALP","11"
"PELTNEO","11"
"DICRPAL","9"
"AQUIFOR","7"
"TETRPEL","9"
"PRUNUS","2"
"PYROLA","7"
"SIBBPRO","12"
"LUPINOO1","7"
"STELCRI","7"
"LYCOPOI","5"
"POLYGLY","5"
"SPHALIN","9"
"CAREANT","6"
"EPILHOR","7"
"HYPNCIR","9"
"PICEA","1"
"CASSMER","12"
"TRAPGRA","11"
"LUETPEC","12"
"LECIDEA","11"
"PHYLGLA","12"
"NEPHARC","11"
"PACKCYM","7"
"PHLEALP","6"
"PULSOCC","7"
"VAHLATR","6"
"CARESPE","6"
"CARENIG","6"
"LUZUPIP","6"
"PODAAEQ","6"
"ANTELAN","7"
"LEPRALB","11"
"SOLOCRO","11"
"CETRISL","11"
"CETRSUB","11"
"ARNICA","7"
"DIPHALP","5"
"CAREMIP","6"
"POLYSEX","9"
"PYROMIN","7"
"RICCMUL","10"
"MITELLA","7"
"PREIQUA","10"
"BARBHAT","10"
"ATRITEN","9"
"BLEPTRI","10"
"ANEORIC","7"
"EPILLAC","7"
"SALIPSE","4"
"EQUIVAR","5"
"ARNIMOL","7"
"POLYSTR","9"
"SCHIINC1","10"
"CAREGYN","6"
"MICRLYA","7"
"AGROEXA","6"
"PLATAQU","7"
"ERIGPER","7"
"SALIDRU","4"
"EQUIFLU","5"
"CARECHO","6"
"DROSROT","7"
"CAREINT","6"
"TRICCES","6"
"CARELET","6"
"PLATSTR","7"
"GEUMRIV","7"
"CARETEN","6"
"TRIEEUR1","7"
"CAREMAG","6"
"EQUIPAL","5"
"TRIAGLU","7"
"COMANDR","7"
"SEDUORE","7"
"DIPHSIT","5"
"CLADVER","11"
"BISTVIV","7"
"SPHACAI","9"
"CAREPAC","6"
"CLADWAN","11"
"NEPHROM","11"
"CETRARI","11"
"CASTILL","7"
"POLYLOC","5"
"RIBEACE","4"
"VACCDEL","4"
"POACEAE","6"
"XANTNOO","1"
"TSUGMER","1"
"ELYMHIR","6"
"AGROGIG","6"
"RUBULEU","4"
"PLAGIOM","9"
"PINUCON","1"
"TRIFPRA","7"
"SOLIMUL","7"
"THALVEN","7"
"SONCARV","7"
"PIPTMIR","6"
"RHIZMAG","9"
"STELLOG","7"
"CANAMOD","7"
"CIRSEDU","7"
"ARNICHA","7"
"HALECYM","7"
"CALASTR","6"
"CARESCI","6"
"STELLON","7"
"BOTRLUN","5"
"CAREDEW","6"
"CAREPEC","6"
"CLADONA","11"
"GENTPRS","7"
"PACKSUB1","7"
"PELTDID","11"
"CLADFUR","11"
"CLADCOC","11"
"PTILCAL","10"
"CALLRIC","9"
"RHODMAC","3"
"LOPHSUD","10"
"RHYTSQU","9"
"PELTSCA","11"
"HOMALOH","9"
"STERGLA","11"
"CLADCAN","11"
"DAUCCAR","7"
"MUHLRIC","6"
"PELTPRA","11"
"SCAPSUB","10"
"CAREPAU","6"
"SPHAFUS","9"
"SPHAANU","9"
"CARELOL","6"
"KALMMIC4","12"
"OXYCOCC","12"
"SPIRSPL","4"
"CAREMAG1","6"
"RHYNALB","6"
"HUPECON","5"
"ERIOAND","7"
"ERIOBRA","6"
"CARETRS","6"
"ANDRPOL","12"
"ERIOCHA","6"
"KALMMIC","12"
"SALIATH","4"
"CATONIG","9"
"ANEMPAR","7"
"ERIOANG","6"
"MAIATRI","7"
"CAREVAG","6"
"JUNIHOR","3"
"ARUNDIO1","7"
"EURHPUL2","9"
"LOPHOBT","10"
"ICMAERI","11"
"CLADSUU","11"
"PELTHOR","11"
"STEPTEN","7"
"ANDRSEP","7"
"ERIGSTR","7"
"ERYSCHE","7"
"ERIGLIN","7"
"STERPAS","11"
"TRISETU","6"
"CORALLO","8"
"POHLCRU","9"
"HYPNREV","9"
"DISTCAP","9"
"LOBAPUL","11"
"AMBLSER","9"
"SALIMAC","4"
"CALASTR2","6"
"PACKIND","7"
"CAREAUR","6"
"PACKPAP","7"
"GALIKAM","7"
"CLADAMA","11"
"CICUDOU","7"
"AULACOM","9"
"GLYCSTR","6"
"WARNEXA","9"
"SYNTNOR","9"
"FESTRUB","6"
"SELAWAL","5"
"POTEOVI","7"
"SILEDOU","7"
"MICROCC","7"
"CASTRAU","7"
"AGOSAUR","7"
"PSEUINC","9"
"ARTENOR1","7"
"JUNCMER","6"
"CASTSEP","7"
"ANEMDRU","7"
"HIERTRI","7"
"LINAVUL","7"
"SYMPSPA1","7"
"ALNUVIR5","4"
"RHIZOMN","9"
"CAREPRE","6"
"PELLIA","10"
"POTEGLU","7"
"CLADCEN","11"
"VEROBEC","7"
"AGROSTI","6"
"CALLIEG","9"
"VIOLPAL","7"
"CAREBRU","6"
"BETUPUM1","4"
"NEOTCON","7"
"CERAGLO","7"
"SALISER","4"
"POLYGON","7"
"CAREVIR","6"
"STELHUM","7"
"CIRSIUM","7"
"CLADMER","11"
"CLADSYM","11"
"ERIGACR","7"
"CLADBOE","11"
"COELACU","11"
"PACKCAN","7"
"ASPIDEN","5"
"POLYKRU","5"
"SPLASPH","9"
"LATHYRU","7"
"DREPADU","9"
"PICEAX","1"
"CAREDIA","6"
"HIPPMON","7"
"RANUGME","7"
"SIUMSUA","7"
"CALTPAL","7"
"SALICOM","4"
"CAREPRT","6"
"ANTEROS","7"
"SENEVUL","7"
"CAREPHA","6"
"CORYCOR4","4"
"LEYMCIN","6"
"BETUOCC","2"
"CARESIC","6"
"HIPPVUL","7"
"GLYCGRA","6"
"ALOPAEQ","6"
"SCHOTAB","6"
"HYPNUM","9"
"VALESCO","7"
"TRISCER","6"
"DESCHAM","6"
"TRICHOP","6"
"PLEUROP","6"
"ARCTOST","0"
"LINNAEA","12"
"FUSCIDE","11"
"FRAGARI","7"
"CENTSTO1","7"
"SYMPERI","7"
"RHYTIDA","9"
"CAREMER","6"
"SCIRMIC","6"
"GALIAPA","7"
"CEANSAN","4"
"RUBULAS","12"
"ACHLTRI","7"
"ACERCIR","2"
"RUBUS","0"
"CLAYSIB","7"
"BERBNER","3"
"TRIEBOR1","7"
"ASARCAU","7"
"BROMSIT","6"
"HYDRFEN","7"
"TELLGRA","7"
"PSEUMEN2","1"
"ERYTLEW","7"
"HEUCGLA","7"
"CLADPOR","11"
"CARDOLI","7"
"CRATDOU","4"
"DICEFOR","7"
"SALILAS","2"
"SAMBNIG","4"
"CAREMAO","6"
"LOBARIA","11"
"SENEINT","7"
"PHLODIF","7"
"CAREPEL","6"
"PEDIGRO","7"
"ELEOPAL","6"
"SPHASQU","9"
"HYPOPIT","8"
"CAREMED","6"
"NOTHNEM","7"
"SILEPAR","7"
"RHYTIDI","9"
"BISTBIS","7"
"ABIES","1"
"MICRFER","7"
"RHYTIDO","9"
"SEDUDIV","7"
"MYOSAPE","7"
"POTEFLA","7"
"POTEDRU","7"
"EREMCAP1","7"
"CAREOBN","6"
"MYCEMUR","7"
"MELISUB","6"
"STACCHA1","7"
"TRAUCAR","7"
"PRENALA","7"
"CHRYTET","7"
"TRIEEUR","7"
"PTILCIL","10"
"ARTENOR","7"
"CASSIOP","12"
"CALTLEP1","7"
"TIARTRI1","7"
"MYOSASI","7"
"ASTEALP","7"
"CAREPOD","6"
"MEESTRI","9"
"TRIGMAR","7"
"CARELIM","6"
"SYMPBOR","7"
"EPILPAL","7"
"CARELAS","6"
"MEESULI","9"
"UTRIMAC","7"
"LEMNTRI","7"
"RICCNAT","10"
"NUPHPOL","7"
"CERADEM","7"
"MYRISPI","7"
"CINCSTY","9"
"CARESIM","6"
"MUHLGLO","6"
"SPIRROM","7"
"PALUSQU","9"
"CAREATR","6"
"CAREATH","6"
"PERSAMP","7"
"POTEANS","7"
"CALYSPH","10"
"WARNFLU","9"
"PALUFAL","9"
"ERYTGUT","7"
"RICCLAT","10"
"TRIGPAL","7"
"JUNCBAL","6"
"PERSHYD","7"
"BETUPUM","4"
"RUMEX","7"
"TORTTOR","9"
"LEPTOBR","9"
"MOEHRIN","7"
"SALIBRA","4"
"SEDUM","7"
"CARESAR","6"
"ARABNUT","7"
"AGROPYR","6"
"BRASSIC","7"
"ERIGLON","7"
"RUMEACO","7"
"ELEOCHA","6"
"CARDPEN","7"
"SCIRPUS","6"
"ALOPPRA","6"
"VEROSCU","7"
"MONTCHA","7"
"POLYFOR","9"
"DESCSOP","7"
"CARELAH","6"
"ASTERAC","7"
"HYPNREC","9"
"LEPTPYI","9"
"LOPHMIN","10"
"GALEROT","7"
"PLATJUN","9"
"RUMEMAR","7"
"LEPTHUM","9"
"MYOSMIN","7"
"DANTSPI","6"
"HENNHEI","9"
"STELCAL","7"
"SALIPSD","4"
"ERIGHUM","7"
"KOBRMYO","6"
"OSMODEP","7"
"ELYMREP","6"
"BROMINE","6"
"RORIPAL","7"
"MNIUBLY","9"
"CALLPAL","7"
"ELEOQUI","6"
"CARECAN","6"
"STELLOG7","7"
"ANTEMON","7"
"THAMVER","11"
"SILEACA","7"
"FESTBRA","6"
"ANTHMON","6"
"RACOERI","9"
"POTENAN","7"
"FLAVNIV","11"
"CLADSTE","11"
"SALISTO","12"
"CAREMIC","6"
"DACTARC","11"
"LUZUSPI","6"
"DRYAINT","12"
"LLOYSER","7"
"RHYTRUG","9"
"CAREALB","6"
"PSEUPUB","11"
"ALECOCH","11"
"RACOLAN","9"
"RHODINT","7"
"PEDILAN","7"
"GENTGLA","7"
"MICRNEL4","7"
"CHAMLAT","7"
"POHLWAH","9"
"TRIFHYB","7"
"STERCON","11"
"POLYSPH","9"
"BRACGRO","9"
"STRELAN1","7"
"CHRYSOT","0"
"ARTEDRA","7"
"JUNCACE","6"
"ASTRALP","7"
"CAREEBU","6"
"MEDISAT","7"
"MELIALB","7"
"PHALARU","6"
"PELTOLE","10"
"THUIDIU","9"
"CAREVES","6"
"BETULA","0"
"LARILAR","1"
"MAIANTH","7"
"STELBOR","7"
"RUMECRI","7"
"HORDJUB","6"
"RANUOCC","7"
"HIERSCO","7"
"HYPEPER","7"
"ACHNNEL","6"
"PERIMON","7"
"POTEREC","7"
"MICRNUT","7"
"MADIGRA","7"
"CLADCER","11"
"PHILLEW","4"
"VICIVIL","7"
"CENTAUR","7"
"LAPPOCC1","7"
"DRYPPAT","9"
"CRYPSIT","5"
"PLANMAJ","7"
"HELOBLA","9"
"CYNOOFF","7"
"PASCSMI","6"
"VIOLVAL","7"
"MICRNID","7"
"AMSIINT","7"
"CENTAUI","7"
"LACTSER","7"
"GAYODIF","7"
"CLAYPAR1","7"
"CRYPTAN","7"
"VULPOCT","6"
"LOLIPER","6"
"RIBECER","4"
"CHEOSIM","7"
"SANIMAR","7"
"CLADMAO","11"
"LOMAGEY","7"
"CLAYPER","7"
"AMSINCK","7"
"BROMCOM","6"
"CHENOPO","7"
"SILEREP","7"
"CASTTHO","7"
"WOODSIA","5"
"DANTHON","6"
"BROMBRI","6"
"LINAGEN1","7"
"CENTDIF","7"
"DIANARM","7"
"BRASSIA","7"
"MADIA","7"
"FRANPUR1","2"
"LOMAAMB","7"
"HYDRCAP","7"
"EUCEENG","7"
"UNKNOWN","0"
"STELMED","7"
"NEPECAT","7"
"ARCTLAP","7"
"GERABIC","7"
"LEPIDEN","7"
"BROMHOR","6"
"SONCOLE","7"
"LAMIACE","7"
"SYMPCAM","7"
"ELYMLAN","6"
"MONTPAR","7"
"AGOSGRA","7"
"CONVARV","7"
"AGASURT","7"
"SILENOC","7"
"ASPAOFF","7"
"CRYPAFF","7"
"CLADECM2","11"
"SAMBRAC7","4"
"BRACERY","9"
"SPHARUS","9"
"DASIFRU","4"
"SALIVES","4"
"SPHAWAR","9"
"CAREBIG","6"
"RACOHET","9"
"LYCOUNI","7"
"CAREARC","6"
"SOLADUL","4"
"ARTELUD","7"
"OXYTDEF","7"
"ELYMTRA1","6"
"GLYCELA","6"
"CALLSTR","9"
"LEMNMIN","7"
"CICUBUL","7"
"EPILCIL2","7"
"CARDAMI","7"
"PICEXLU","1"
"HEUCCYL2","7"
"SONCHUS","7"
"RANUNCL","0"
"FALLCON","7"
"RUMEACT","7"
"BERTINC","7"
"HYPOOCC","11"
"MYCOSAN","11"
"BRYOFRE","11"
"HYPOPHY","11"
"BARBBAR","10"
"HEUCCHL","7"
"CLADSUF","11"
"SPIRAEA","4"
"CLADCON","11"
"CLADSUL","11"
"CLADCOR1","11"
"POLYALI","9"
"DICRACU","9"
"TOFICOC","7"
"RHODLAP","12"
"VACCULI","4"
"SALIALA","4"
"ARCTRBR","12"
"CASSTET","12"
"DICRANA","9"
"KAERCAL","11"
"DICRCRS","9"
"VULPTIL","11"
"OXYTCAM","7"
"SILENE","7"
"ARNIGRI1","7"
"SAXIOPP","7"
"GENTPRP","7"
"DRABA","7"
"PEDICAP","7"
"CAPSBUR","7"
"TRIBTER","7"
"SISYLOE","7"
"THLAARV","7"
"TOXIRYD","4"
"IMPANOL","7"
"ADOXMOS","7"
"ERIGPHI","7"
"MATTSTR","5"
"RACOSUD","9"
"SCUTANG","7"
"ERYSCAP","7"
"CAREHOO","6"
"TRIOPER","7"
"CRYPTOR","7"
"VEROVER","7"
"TURRGLA","7"
"TRIFARV","7"
"AULAAND","9"
"SYMPERI1","7"
"ROSAWOO1","4"
"BRACCOL","9"
"COLLGRD","7"
"ERIGDIV","7"
"RUBUCHA","12"
"MYLIANO","10"
"ERIOVIR","6"
"LOMATIU","7"
"HAMAVER","9"
"JUNCPAR","6"
"PODAHUM","6"
"VACCGLO","4"
"LUPIBIN1","7"
"DRABPOR","7"
"CASTOCC","7"
"SELASTA","5"
"CHEROBT","7"
"DRYAOCT","12"
"ARNIANG4","7"
"SABURUB","7"
"CARENAR","6"
"CARERUP","6"
"SMELAME","7"
"MICRNIV","7"
"AGOSGLA1","7"
"BOECCAL","7"
"ELYMVIO","6"
"ARNIGRA","7"
"ARNIRYD","7"
"SYMPFOL2","7"
"ERIGGLC","7"
"ANDROSA","7"
"CALAPUR","6"
"DRABCAN","7"
"PHACSER","7"
"MINUART","7"
"RANUMAC","7"
"AGROVAR","6"
"TONELYA","7"
"CAREENA","6"
"ERIGAUR","7"
"PENSELL","12"
"GYMNINF","10"
"SENELUG","7"
"SALINIV","12"
"BRYODIV","11"
"PEDICON","7"
"HYPESCO","7"
"ARNIANG","7"
"ERIGGLA","7"
"CASTRHE","7"
"TIMMIA","9"
"BRACACT","9"
"AMBRCHA","7"
"CAKIEDE","7"
"LATHJAP","7"
"SAGIMAX2","7"
"SONCASP","7"
"CALANUT","6"
"STACCHA","7"
"SENESYL","7"
"LEYMMOL2","6"
"GLEHLIT","7"
"HORDBRA","6"
"CARECAI","6"
"PEDILAG","7"
"CAMPLAS","7"
"LUZUARU","6"
"CERABEE","7"
"LOBALIN","11"
"RANUNIV","7"
"PEDISUD","7"
"CASTPAR","7"
"BRACTUR","9"
"POLYHES","5"
"HARRSTE","12"
"ENEMSAV","7"
"MICRBOR","7"
"NEPHCRI1","7"
"PRIMJEF","7"
"LIGUCAL","7"
"SWERPER","7"
"GENTDOU","7"
"GENTPLA","7"
"HUPEMIY","5"
"KALMPRO","12"
"CALASES","6"
"CASSLYC","12"
"GEUMCAL","7"
"PLATCHO","7"
"PARAENE","9"
"VIOLBIF","7"
"SPHAPAP","9"
"PEDIORN","7"
"PACKSUB2","7"
"CARECIR","6"
"FRITCAM","7"
"TAKALEP","9"
"ANDRNIV","9"
"CHAMCAL","3"
"ARCTCOO","7"
"CINCSUB","9"
"GYMNBRE","10"
"PINGVUL","7"
"RACOELO","9"
"PLAGASL","10"
"PELTPAC","11"
"ONCOWAH","9"
"LUZUNIV","6"
"LUPINOO","7"
"JUNCNEV","6"
"RACOMIC","9"
"LEPRCAC","11"
"UMBILIA","11"
"CLADHOM","11"
"FLAVCUC","11"
"BAEORUF","11"
"VIOLLAG","7"
"KIAESTA","9"
"SCORREV","9"
"RACOFAS","9"
"SAXIHYP","7"
"TARACER","7"
"RANUSUL","7"
"POTEVIL","7"
"SALIPOL","12"
"PHYSARI","7"
"PELTIGR","11"
"RANUSCE","7"
"PENSGRA","7"
"SALIBAA","4"
"SAXIADS","7"
"GADELAC","7"
"SALIARB","4"
"HEDYSAR","7"
"CLADMET","11"
"LIGUSTI","7"
"PINGVIL","7"
"POLYSIB","5"
"CLADSCA","11"
"SPHAPAL","9"
"SPHAPAC","9"
"BETUNEO","2"
"DACTYLN","11"
"POGONAT","9"
"LEPRNEG","11"
"SAXICES","7"
"LUPILYA","7"
"PENSDAV","12"
"VEROCUS","7"
"LETHARI","11"
"SALICAS","12"
"DRABAUR","7"
"FESTVIR","6"
"DELPMEN","7"
"ARNIPAR","7"
"PELTBRI","11"
"HEUCMIC","7"
"CLADSQU","11"
"ABIEBAL","1"
"CORAMER","8"
"IMPACAP","7"
"LOBAORE","11"
"PORECOR","10"
"ANTITRI","9"
"PLAGVEN","9"
"HOMAFUL","9"
"CALYPOG","10"
"NECKDOU","9"
"PORENAV","10"
"DIPLOPH","10"
"ORTHOTR","9"
"PLAGIOT","9"
"ORTHOTI","9"
"DIPLALB","10"
"NECKMEN","9"
"ORTHOTH","9"
"ULOTA","9"
"ORTHSPE","9"
"CHILOSC","10"
"USNEFIL","11"
"MONOUNI","8"
"HETEROL","9"
"FESTSUB","6"
"PARMHYE","11"
"VULPPIN","11"
"PACKSTR","7"
"CAREILL","6"
"AGROIDA","6"
"BRACHYD","9"
"NASTMIC","7"
"CHRYWRI","7"
"CYSTMON","5"
"HEUCHER","7"
"FLAVOCE","11"
"ANDRRUP","9"
"ARCTALI","12"
"DRYAS","12"
"POTENIV","7"
"CRATONE","9"
"POLEOCC","7"
"BARBORT","7"
"POTENOR","7"
"EURYSIB","7"
"GLYCERI","6"
"CAMASSI","7"
"SPLAAMP","9"
"PTILPUL","10"
"DRYADRU","12"
"ARTEBOR1","7"
"POTEHOO","7"
"ORTHANO","9"
"OXYTSER","7"
"SOLOSAC","11"
"SCHIVEN","9"
"HARPFLO","10"
"CETRERI1","11"
"DACTRAM","11"
"PELTRET","11"
"SYNTPAP","9"
"CAMPHAE","9"
"SOLIDAG","7"
"CLADSTY","11"
"ONCOVIR","9"
"SALIGLA2","4"
"CALASTR1","6"
"TETRMNI","9"
"ARTETIL","7"
"NEPHEXP","11"
"SALIRIC","4"
"CLADPOR1","11"
"DICRMUE","9"
"MICRTOL","7"
"VIOLLAC","7"
"ARABLYT","7"
"ALECSAR","11"
"ROMANZO","7"
"ELYMALA","6"
"PINUCON1","1"
"COELOCA","11"
"POLYPOL","7"
"HYPNSUB","9"
"OXYTNIG","7"
"MASONHA","11"
"OXYTBOR1","7"
"CARESUP","6"
"BOTRYCH","5"
"PELLGLA","5"
"HYDROPH","7"
"LUZUCOM","6"
"DELPHIN","7"
"USNEA","11"
"ASPLTRI2","5"
"NEPHBEL","11"
"NEPHPAR","11"
"NEPHHEL","11"
"PELTCOL","11"
"STACHYS","7"
"RORIPPA","7"
"ARCTIUM","7"
"CAREBEB","6"
"RHINANT","7"
"CARETRI","6"
"HYPOGYM","11"
"CORASTR","8"
"DESCELO","6"
"HUPESEL","5"
"SALILAS2","2"
"JUNCENS","6"
"SALIPRO","4"
"MASORIC","11"
"TEPHLIN","7"
"AULATUR","9"
"SAXIHIR","7"
"CALALAP","6"
"CLAYTON","7"
"ANEMNAR","7"
"CETRCIL","11"
"SAXIFLA","7"
"SAXICER","7"
"FESTMIN","6"
"CLADGRA1","11"
"ARCTLAT","6"
"KOBRSIM","6"
"DICRANO","9"
"PRIMFRI","7"
"MICRNEL","7"
"POTEBIF","7"
"PARNKOT","7"
"KOBRESI","6"
"FESTVII1","6"
"ERIGGRA","7"
"WOODALP","5"
"CRYPSTE","5"
"ASTRUMB","7"
"TOFIPUS","7"
"OLIGHER","9"
"ARNILES","7"
"SAGINA","7"
"TETRSET","10"
"HEDYALP","7"
"OXYTSCA","7"
"DRABLON","7"
"CAREOBT","6"
"OXYTROP","7"
"KOBRSIB","6"
"RHIZAND","9"
"JUNCBIG","6"
"RANUPED","7"
"FESTBAF","6"
"FISSADI","9"
"CARESAX","6"
"DICRVAR","9"
"CARDBEL","7"
"BARTITH","9"
"ALLAALP","11"
"ARCTSUB","11"
"PARMOMP","11"
"BRYUARC","9"
"CRATFIL","9"
"SANIONI","9"
"CAREMEM","6"
"JUNCCAS","6"
"DRABNOV","7"
"ATHYALP1","5"
"HACKMIC","7"
"SYMPFOL3","7"
"SPLAVAS","9"
"TRITEXS","10"
"HYLOPYE","9"
"GENTPRP1","7"
"STELBOR1","7"
"MELAEXS","11"
"OSMOOCC","7"
"VEROANA","7"
"PTILIDI","10"
"PEDIVER","7"
"PARMAMB","11"
"FRULNIS","10"
"CERATOD","9"
"GALETET","7"
"LUZUCAM","6"
"CARELEN","6"
"VEROSER","7"
"RANUABO","7"
"CARESTI","6"
"CERAFON","7"
"CHILPOL","10"
"GEUMMAC5","7"
"CARELAE","6"
"COPTTRI","7"
"MELISMI","6"
"HYPNPRA","9"
"SPHAMAG","9"
"CAREFOE","6"
"SALIMEL","4"
"LICHINA","11"
"CAMPUNI","7"
"ACERMAC","2"
"CAREHEN","6"
"POTARIC","7"
"BROMSQU","6"
"LINAGEN","7"
"HESPCOM","6"
"ARTETRI","4"
"COLLEMA","11"
"PSORA","11"
"UMBIHYP","11"
"JUNCREG","6"
"BRACNEL","9"
"MICRODO","7"
"CLADPOC","11"
"SALIPYR","4"
"ALECTOR","11"
"STREPTO","7"
"THUJA","1"
"HYPOSUO","11"
"PAPAVER","7"
"CAMPAUR","7"
"GOWANIG","11"
"PSORHYP","11"
"PERTSUB","11"
"PHACELI","7"
"RAMATHR","11"
"BRYOCAP","11"
"PRENANT","7"
"VIOLSEM","7"
"PELTVEN","11"
"TYPHLAT","7"
"ANTICAL","9"
"SCHISTI","9"
"GYMNDIS","5"
"GAULHUM","12"
"SCOLFES","6"
"AQUILEG","7"
"FRITAFF","7"
"ERIOPHO","6"
"SPHARUB","9"
"CAREBOL","6"
"LILIPHI","7"
"HUPEOCC","5"
"PTEROSP","8"
"LILIUM","7"
"HYPOMON","8"
"EUPHESU","7"
"SPORCRY","6"
"POGOCON","9"
"BAZZDEN","10"
"BAZZTRI","10"
"SAXIAIZ","7"
"DISTICH","6"
"DISTICI","9"
"CLADSTI","11"
"DICRELO","9"
"DICRMON","9"
"EPILGLA","7"
"DITRICH","9"
"LEPRARI","11"
"TUCKERM","11"
"CYRTHYM","9"
"BRYUWEI","9"
"TORTHOP","9"
"ARTHCIT","11"
"CYNOJEN","9"
"PSORDEC","11"
"CATAPYR","11"
"BRYUPAL","9"
"CETRDEL","11"
"RANUPYG","7"
"SOLOBIS","11"
"ARNIOVA","7"
"CEPHRUB","10"
"GYMNOBT","10"
"ANEMDRU2","7"
"DRABINC","7"
"DRABMAC","7"
"DRABOLI","7"
"POLEELE","7"
"ANTEDEN","7"
"OXYTCAM9","7"
"PELTPON","11"
"ARNIANG1","7"
"LECIWUL","11"
"RINOTUR","11"
"PELTLEP","11"
"XANTWYO","11"
"SOLERUB","10"
"EPILLEP","7"
"PTYCINC","9"
"IPOMAGG","7"
"CHAEDOU","7"
"ARISPUR","6"
"ORTHTEN","7"
"GYPSMAC","11"
"FULGBRA","11"
"PTERYGO","9"
"CATASQA","11"
"ASPIREP","11"
"BUELELE","11"
"CETRISL1","11"
"DICRFLA","9"
"CALACAN4","6"
"PSEUBAI","9"
"SELASCO","5"
"POLEMON","7"
"OCHRUPS","11"
"BRYORIA","11"
"PHYSMUS","11"
"ENCARHA","9"
"CARELUZ1","6"
"COLLCER","11"
"THAMNOL","11"
"CLADMAE","11"
"PHLEUM","6"
"VAHLODE","6"
"THALICT","7"
"CARDUMB","7"
"ANTEMED","7"
"DRABGLA","7"
"POTESUB","7"
"DICRANW","9"
"SELASIB","5"
"SANGUIS","7"
"ANTEHOW","7"
"BOECLYA","7"
"PHYLLOD","12"
"DICRCIR","9"
"ENCAPRO","9"
"SALIPER","12"
"DRABDEN","7"
"ERIOOVA","7"
"DICRANE","9"
"LEPRINC","11"
"MICRNEL1","7"
"AMBLSER1","9"
"ANTHELI","10"
"SPHACEN","9"
"ANASTRO","10"
"SABUAUS","7"
"LYCOPOE","5"
"CARESCI3","6"
"POTESUG","7"
"LYCOINU","5"
"SPHACOM","9"
"RANUOCC3","7"
"DICRSPA","9"
"CAREUNI","6"
"CLAYSAR","7"
"ARABLYT1","7"
"SPHAGLO","11"
"UMBILIC","11"
"PERTPAN","11"
"ERIGPER2","7"
"DRABBOR","7"
"UTRICUL","7"
"POTEPUL","7"
"ARCTOMI","11"
"DICRCRS3","9"
"DRABJUV","7"
"DRYAINT1","12"
"DITRFLE","9"
"PARNPAR","7"
"DRABCRA","7"
"DRABNIV","7"
"OXYTPOD","7"
"HYPNCUP","9"
"ERIGTRI","7"
"BAZZTRL","10"
"HERBADU","10"
"CAREPLU","6"
"SPHAAUS","9"
"DICRCRI","9"
"ULOTCUR","9"
"LUZUMUL2","6"
"PEDIOED","7"
"SENEFRE","7"
"STEREOA","11"
"PLACULI","11"
"PROTPEZ","11"
"BRYUALP","9"
"HIERLAC","7"
"RUBUURS","12"
"POGOURN","9"
"PLANLAN","7"
"HYPORAD","7"
"ERIOLAN","7"
"SCHEPRA","6"
"CLINDOU","7"
"HOLCLAN","6"
"FESTSUU","6"
"BROMPAC","6"
"ARCTCOL","3"
"AIRAPRA","6"
"ARBUMEN","2"
"FRAGCHI","7"
"HEMICON","8"
"FONTANT","9"
"ERYTREV","7"
"TOLMMEN","7"
"CARDNUT","7"
"CORYSCO","7"
"ARTESUK","7"
"ERYTORE","7"
"PSEUELE","9"
"ANEMLYA","7"
"CLADGRA3","11"
"GERAROB","7"
"BOYKOCC","7"
"CORNNUT","2"
"RIBESAN","4"
"OEMLCER","4"
"LEPIREP","10"
"ILEXAQU","3"
"VACCOVT","3"
"RIBEDIV","4"
"PECTOVA","7"
"CHIMMEN","12"
"POHLCAR","9"
"PELTKRI","11"
"PERTDAC","11"
"PARNASS","7"
"RUMELAP","7"
"ARTEMIC","7"
"DRABCIN","7"
"EQUITEL","5"
"ANGELUC","7"
"AGROSTO","6"
"SCOULER","9"
"CAREHIN","6"
"RANUFLA","7"
"TRIAOCC","7"
"ASTRAME","7"
"PELTCIN","11"
"CLADDIG","11"
"SAXITAY","7"
"JUNCARC","6"
"NARDIA","10"
"SPHARUI","9"
"PROSSMI","7"
"POLYSTI","5"
"MARSUPE","10"
"TRICALP","6"
"TETRGEN","9"
"BAZZANI","10"
"LOPHHET","10"
"POLYACH","7"
"BETUGLA","4"
"DICRASP","9"
"GYMNOCA","5"
"BRACFRI","9"
"RHIZGRA","11"
"COPTLAP","7"
"THELLAC","7"
"CORNSUE","7"
"DICRCER","9"
"PLEUROI","9"
"VIOLNEP","7"
"KOPSHOO","7"
"CLAVARI","11"
"CARDOCC","7"
"SANISYM","9"
"GERANIU","7"
"DIPLOSC","11"
"ERIGNIV","7"
"OXYTCAM6","7"
"EUPHSUB","7"
"BRACREF1","9"
"CAREKRA","6"
"LACTUCA","7"
"LUZUCON","6"
"OXYTHUD","7"
"SAXIBRO2","7"
"UMBIPRO","11"
"EUTREDW","7"
"CARESCI1","6"
"CAREFUL","6"
"MNIUTHO","9"
"POLEVIS","7"
"CLAOCRI","9"
"PAPAPYG","7"
"PHACLYA","7"
"ASTRBOU","7"
"CAREPAY","6"
"CAREMIO","6"
"SIPHCER","11"
"CAMPATR","9"
"SANGOFF","7"
"MYRIGAL","4"
"GENTSCE","7"
"CARELIV","6"
"CORNUNA","7"
"EURHYNC","9"
"SPHAMAJ","9"
"DOUIPLI","10"
"PLAGDEN","9"
"FRULLAN","10"
"ERIOGRA","6"
"ALNUS","0"
"PRENSAG","7"
"SORBUS","4"
"NEOOATT","10"
"CYPRIPE","7"
"ARABIDO","7"
"SCAPPAL","10"
"CAMPCHY","9"
"PLAGCAV","9"
"BACIDIA","11"
"LUPIPOC","7"
"DRYOPTE","5"
"HYPNCAL","9"
"PLATGLA","11"
"CALYAZU","10"
"RAMADIL","11"
"SAMBUCU","4"
"SPLACHN","9"
"PYROGRA","7"
"RHODTOM1","3"
"HYPOENT","11"
"PELTELI","11"
"ERIGGLC1","7"
"VACCMAC","12"
"DICHOLI","6"
"HESPSPA","6"
"HYLOCOM","9"
"SHEPHER","4"
"LYCOAME","7"
"DICENTR","7"
"CARELAP","6"
"PETASIT","7"
"PERTUSA","11"
"SCORSCO","9"
"JUNCTRI","6"
"JUNCTRI1","6"
"RHUSGLA","4"
"OROBFAS","8"
"ACMIAME1","7"
"RHODOBR","9"
"SCLEANN","7"
"BRACCAM","9"
"BRACCAL","9"
"SANIARC","7"
"PLANELO","7"
"AGROMIC","6"
"MONTFON","7"
"TRIPPUS","7"
"CERANUT","7"
"SPERRUB","7"
"MICRBIG","7"
"LUPIBIC","7"
"TRITHYA","7"
"LEONSAX2","7"
"TRIFMIR","7"
"VULPBRO","6"
"ALLIACU","7"
"TRIFDUB","7"
"SANICRA","7"
"CAMALEI","7"
"TRIFWID","7"
"LOMANUD","7"
"ARMEMAR","7"
"AIRACAR","6"
"GERAMOL","7"
"ERODCIC","7"
"CALACIL","7"
"CERASEM","7"
"SHERARV","7"
"BRYUMIN","9"
"HOSAGRA","7"
"VICISAT","7"
"VICIHIR","7"
"CRATMON","4"
"MYOSDIS","7"
"DAPHLAU","3"
"SILEGAL","7"
"CASTLEV","7"
"AGROPAL","6"
"HEDEHEL","3"
"LEPTOGI","11"
"ROMATRA","7"
"SEDUSPA","7"
"CAMAQUA","7"
"ACMIMIC","7"
"GERADIS","7"
"HORDMUR","6"
"LUPIDEN","7"
"SANIBIP","7"
"MEDICAG","7"
"ESCHCAL","7"
"MOENERE","7"
"CYTISCO","4"
"BROMSTE","6"
"LEPIDIU","7"
"CARELEP","6"
"LUPIARB","7"
"LOMAUTR","7"
"TRAGPOR","7"
"APHAARV","7"
"CAREINO","6"
"OROBUNI","8"
"RANUCAL","7"
"SILESCO","7"
"BELLPER","7"
"CAREBRV","6"
"TRIFVAR","7"
"NEMOPED","7"
"DAUCPUS","7"
"LUPILIT","7"
"PLANMAR","7"
"SPERMAC","7"
"ISOENUT","5"
"TEESNUD","7"
"DICHACU","6"
"HYPOGLA","7"
"LEPTMII","7"
"GAMOUST","7"
"QUERGAR","2"
"LEYMMOL","6"
"SAGIPRO","7"
"PUCCNUT","6"
"SCORAUT","7"
"NEMOPAR","7"
"SAGIDEC","7"
"CEPHALZ","10"
"JUNCBUF","6"
"ISOTCRI","9"
"PLECMAC","7"
"PLAGSCO","7"
"CARETUM","6"
"BROMRAC","6"
"STELCRA","7"
"ALLIAMP","7"
"SAGIAPE","7"
"ANISMAD","7"
"PLECCON","7"
"TRIFSUB","7"
"PRIMHEN","7"
"MYOSVER","7"
"JUNCTEN","6"
"RANUORT","7"
"CAREPAN","6"
"LEPIHET","7"
"HETERAI","7"
"SYMPHES","4"
"TRIEBOR","7"
"ULEXEUR","3"
"SPHAGNA","9"
"POLYSPO","11"
"DICHPEL","9"
"LUPIPOY","7"
"MYOSSYL","7"
"ERIGANN","7"
"THUIDIA","9"
"CETRNIG","11"
"PTILIUM","9"
"BOTRMIN","5"
"TOMEFAL","9"
"SELASEL","5"
"CAREGLA","6"
"SPIRDOU3","4"
"CYNOECH","6"
"TRACMEG","9"
"FESTROE1","6"
"TRIFOLG","7"
"TRIFMIC","7"
"ACHNLEM1","6"
"TORIARV","7"
"CLARAMO1","7"
"MELIHAR","6"
"LONIHIS","4"
"PENTTRI","5"
"YABEMIC","7"
"DREPLON","9"
"ACTAEA","7"
"CAREDOU","6"
"SPIRDOU4","4"
"DIPLMUS","11"
"NASSVIR","6"
"SPARGAN","7"
"POTAGRA","7"
"GLYCBOR","6"
"RANUAQU","7"
"CALLHET","7"
"UTRIMIN","7"
"CARYOPH","7"
"SYMPBRA","7"
"SCHOACU","6"
"POTAPUS5","7"
"SPAREME","7"
"POTAZOS","7"
"RANUAQU5","7"
"POTAPUS","7"
"POTANAT","7"
"CERAFON2","7"
"SCHEARU","6"
"CLAOBOL","9"
"LINUM","7"
"SUAECAL","7"
"PUCCNUA","6"
"PSEUTUR","9"
"SENEHYR","7"
"RANUFLM","7"
"PLATDIL2","7"
"CALACAN1","6"
"DROSERA","7"
"POLYSET","5"
"SAXIMER","7"
"GRIMLON","9"
"DICRMAJ","9"
"PICESIX","1"
"CETRLAE","11"
"PRIMCUN","7"
"GYMNCOT","5"
"DOUGALA","7"
"DOUGGOR","7"
"ASTRNUT","7"
"PSEUDEH","11"
"SILEDRU","7"
"POLEBOR","7"
"ANTHJUL","10"
"RHODINT1","7"
"LINULEW","7"
"PETAFRI1","7"
"EPILCLA","7"
"CORYPAU","7"
"PLEUPUR","10"
"OLIGOTR","9"
"CARESTY","6"
"MYLIA","10"
"CLADPAR","11"
"DROSANG","7"
"SPHATEN","9"
"JUNCSUP","6"
"ELLIPYR","4"
"PELTCHI","11"
"SPHARIP","9"
"SCHEPAL","7"
"CRASSUL","7"
"HOLODIU","4"
"TSUGHEE","1"
"RACOOCC","9"
"CARELEO","6"
"LILIACE","7"
"ISOTHEC","9"
"PSEUAEN","11"
"AGOSHET","7"
"WOODGLA","5"
"LOMATRI3","7"
"PLATELO","7"
"ELYMLAN2","6"
"DANTUNI","6"
"GRIMRAM","9"
"PTERFIL","9"
"PIPERIA","7"
"CINNA","6"
"DICHOLY","9"
"RACOBRV","9"
"DICRGRO","9"
"UMBIDEU","11"
"PELTDEG","11"
"PEDICON1","7"
"LEPROCA","11"
"PANNPEZ","11"
"CAREPRS","6"
"TIMMNOR","9"
"SCAPULI","10"
"KALMMIC3","12"
"OLIGPAR","9"
"CALTHA","7"
"CARDCOR","7"
"NUPHVAR","7"
"ROSANUT3","4"
"CYPRMON","7"
"PENSFRU2","7"
"HETEPRO","9"
"PSEUMAC","7"
"RUBUARM","4"
"CLADUMB","11"
"CLAYRUB2","7"
"VEROOFF","7"
"VIOLMAL","7"
"SCEPMUL","5"
"ATRICHU","9"
"ROSANUT4","4"
"CORYDAL","7"
"CLADSIN","11"
"TUCKPLA","11"
"LEPTSEP","7"
"GALIBIF","7"
"CYSTOPT","5"
"ACHNNEL1","6"
"SCHIATR","9"
"DREPPOL","9"
"LONITAT","4"
"SPHATER","9"
"TAYLSER","9"
"PSEUATR","9"
"GRIMTRI","9"
"SCAPPAU","10"
"CLADOCH","11"
"CLADGRA2","11"
"CALLITR","7"
"PRIMEGA","7"
"JUNCART","6"
"UTRIINT","7"
"RICCARD","10"
"LACTBIE","7"
"ASCLSPE","7"
"ROSACEA","0"
"CHAMANG2","7"
"MIMULUS","7"
"GEUMALE","7"
"MASSCAR","11"
"MALUS","2"
"NODOBRY","11"
"DIPLOBU","10"
"SCHIPAP","9"
"MADISAT","7"
"ASPLTRI","5"
"CAREINF","6"
"PLAGCIL","9"
"DESCDAN","6"
"VULPMYU","6"
"LONICER","4"
"ORCHIDA","7"
"PIPTEXG","6"
"CAMAQUA2","7"
"APERINT","6"
"TRIFAUR","7"
"MNIACEA","9"
"GRIMATT","9"
"GRIMSES","9"
"AGRIGRY","7"
"UMBIAME","11"
"ENCACIL","9"
"BRYUULI","9"
"CAREKEL","6"
"ASTRCOL","7"
"ORTHLAE","9"
"LILAEA","7"
"PLEUACU","9"
"APOCYNU","7"
"HUPERZI","5"
"HYLOCOA","9"
"TIARELL","7"
"ALLOVIR","8"
"COLLHET","7"
"CORAMAC3","8"
"LEPIDOZ","10"
"COELOGL","7"
"RANUHYP","7"
"CIRSFOL","7"
"SPLACHU","9"
"PSEURAD4","9"
"TSUGA","1"
"MNIUARI","9"
"BUELPAP","11"
"CALYNEE","10"
"STERRIV","11"
"KIAERIA","9"
"ERIGUNI","7"
"KIAEFAL","9"
"SAGISAG","7"
"PERTSUA","11"
"LECANOR","11"
"CINCLID","9"
"OXYTMAY","7"
"RHIZOPL","11"
"TREMATR","11"
"PECTPEN","7"
"CALTLEP2","7"
"BOTRPIN","5"
"RHIZGEO","11"
"GOODYER","7"
"RACOLAW","9"
"RACOMUT","9"
"ANTHODO","6"
"CAMPANU","7"
"ARNILAN","7"
"PAPARAD","7"
"FESTVII","6"
"PHIPALG","6"
"DIDYMOD","9"
"POTEARE","7"
"SILEURA","7"
"BOTRLAN","5"
"ARNILAN1","7"
"POLYTRC","9"
"CARETON","6"
"CAREECH2","6"
"BAZZAMB","10"
"HYGROCH","9"
"BARTRAM","9"
"PSEUSTE","9"
"LESKPOL","9"
"CATAAQU","6"
"PHILONO","9"
"EPILHOR2","7"
"EPILLUT","7"
"KIAEBLY","9"
"SCHIFRI","9"
"BRACVEL1","9"
"ORTHPEU","9"
"RHYTSUB","9"
"CALYSUE","10"
"ISOPPUL","9"
"SALIXFR","4"
"CAMPPRO","9"
"CIRCAEA","7"
"CAREEXS","6"
"CIRRCIR","9"
"COPTIS","7"
"STACMEX","7"
"CALYMUE","10"
"LOMASAN","7"
"SAUSNUD","7"
"SCHIAPO","9"
"CHILPAL","10"
"LYCOPUS","7"
"MANNGRA","10"
"RACOMAC","9"
"MYOSLAX","7"
"SOLORIN","11"
"SYMPHYO","7"
"SISYIDA","7"
"ERIGPUM2","7"
"THININT","6"
"JUNIPER","0"
"TRAGPRA","7"
"GAILLAR","7"
"AGROCRI","6"
"SCROPHU","7"
"ALOPECU","6"
"SPOROBO","6"
"CREPOCC","7"
"OXYTSPL","7"
"FRULHAT","10"
"SPLALUT","9"
"DICRUND","9"
"CYPRPAS","7"
"LARIX","1"
"ERIOVAG","6"
"TRAUTVE","7"
"BOSCROS","8"
"DICRBRE","9"
"PTERIDI","5"
"AHTISPH","11"
"LEPIFIL","10"
"SCAPAME","10"
"CYNOCRI","6"
"CLAYRUB","7"
"CLADCIL","11"
"ODONDEN","10"
"DICRUNC","9"
"MONOTRO","8"
"ELYMGLA4","6"
"BLEPARA","10"
"CALYINT","10"
"SCAPUMB","10"
"ATRIUND","9"
"DICRHET","9"
"KURZPAU","10"
"HERZSTR","9"
"LEPRVOU","11"
"CLADTRA","11"
"PLANMAC","7"
"CORNICU","11"
"HYPOFLA","9"
"SORBAUC","2"
"POLYAND","5"
"FISSIDE","9"
"ANDREAE","9"
"BARBULA","9"
"DIPLSCR","11"
"TRICHOS","9"
"PHLOLON","7"
"OPUNFRA","7"
"SENEINT1","7"
"BUELLIA","11"
"ENCALYP","9"
"DIDYRIG1","9"
"STELNIT","7"
"CAMPSCO","7"
"MOEHMAC","7"
"RADULA","10"
"HOMALIA","9"
"BRACRUT","9"
"KURZIA","10"
"ANTHJUR","10"
"HONKPEP","7"
"LATHLIT","7"
"COCHGRO","7"
"ATRIPAT","7"
"SARCPAC","7"
"LYSIMAR","7"
"BRACHOL","9"
"DRYMCON","7"
"SYNTRIC","9"
"MIMUTIL","7"
"POLYALP2","9"
"SABUELE","7"
"CAMPYLI","9"
"POLYLEM","5"
"BOTRMIC","5"
"EUPHCYP","7"
"PERTGEM","11"
"STELUMB","7"
"STERGRA","11"
"CETRISL2","11"
"GYMNCOR","10"
"BRYONIT","11"
"ENCABRE","9"
"CLADDEC","11"
"SCHISUB","9"
"DERMRIV","11"
"BOECDRE","7"
"APHRESC","7"
"LOESBAD","9"
"BOECLEM","7"
"HYPNDIE","9"
"MONTIA","7"
"PSEUSPI2","6"
"PELTDID2","11"
"CLADALB","11"
"TORRPAL","6"
"POTEANS2","7"
"TANABIP","7"
"CAREMAR","6"
"CAKIMAR","7"
"TRIFCAM","7"
"SOLILEP2","7"
"CALYSEP3","7"
"PUCCPUM","6"
"SPERCAN","7"
"CARELYN","6"
"RUPPMAR","7"
"SISYLIT","7"
"LUZUCOM1","6"
"AMMOARE","6"
"MYURJUL","9"
"POLYAMO","5"
"MENTALB","7"
"LEDUM","3"
"SPHASUS","9"
"DESCURA","7"
"RUBUNIV","12"
"LYSITHY","7"
"LYCHNIS","7"
"COLLOMI","7"
"NAVASQU","7"
"TETRAPH","9"
"CIRSHOO","7"
"ERIGPAL","7"
"PELTOCC","11"
"MARSAQU","10"
"CLADACU","11"
"TAXUS","1"
"MELICA","6"
"CASTATT","7"
"SISYMON","7"
"LITHINC","7"
"HESPCUR","6"
"SQUALEN","11"
"LAPPULA","7"
"TONISED","11"
"ENDOPUL","11"
"PSORCER","11"
"ASTRAGR","7"
"PLANERI","7"
"SPARGRA","6"
"DISTSPI4","6"
"HIERMUR","7"
"PLAGOED","9"
"PHACFRA","7"
"ELYMALA2","6"
"ASTRCIC","7"
"ARCTMIN","7"
"CREPTEC","7"
"ALYSDES","7"
"ASTRLOT","7"
"DIDYVIN2","9"
"MESORUT","10"
"BRYOREC","9"
"MARSSPH","10"
"ILEX","3"
"ARCTARC1","7"
"PINURAD","1"
"OPLOPAN","4"
"TOFIELD","7"
"KALMIA","12"
"PSEUDOT","1"
"CLADPSE","11"
"TETRANG","9"
"CASTELM","7"
"JUNCFIL","6"
"CAREMIR","6"
"GALITRD4","7"
"MESOGIL","10"
"KOELERI","6"
"LETHVUL","11"
"VIBUOPU","4"
"POHLCAM","9"
"MONESES","7"
"PECTIAN","7"
"PELLEND","10"
"SAMBRAC1","4"
"HIERMAC","7"
"SYMPFOL1","7"
"RACOCAN2","9"
"RACOAFF","9"
"LOBEKAL","7"
"GAYOPHY","7"
"BOECRET","7"
"TIMMMEG","9"
"PINUFLE","1"
"MULGPUL","7"
"DESCPIN6","7"
"PLATELE","7"
"RANUGLA1","7"
"SEDULAN1","7"
"PSORNIP","11"
"PHACHET","7"
"HELODIU","9"
"ARTEABS","7"
"HIERXFL","7"
"CAREDEF","6"
"CAREATO","6"
"TAYLORI","9"
"CAREFIL","6"
"ERIONIV","7"
"BUGLARV","7"
"MADIEXI","7"
"POLEMIC","7"
"ERIOSCH","6"
"CAREINC","6"
"POLYTRH","9"
"NECKPEN","9"
"METZTEM","10"
"SAGILAT","7"
"BOECHER","7"
"EVERPRU","11"
"HYPODUP","11"
"RACOACI","9"
"TOMENTY","9"
"ICMADOP","11"
"PEDIPAR","7"
"POTESUP1","7"
"DISTSPI","6"
"LLOYSER2","7"
"MERTPAN2","7"
"LEPTARR","7"
"JUNCDUD","6"
"ALLISCH","7"
"APIACEA","7"
"SENEMEG","7"
"ERIGFLA","7"
"PRIMULA","7"
"CARETAH","6"
"RANUINA","7"
"ANDRCHA","7"
"SYNTWYO","7"
"CANDELR","11"
"CALALON","6"
"AMPHNEV","6"
"BOLBMAR","6"
"CHENRUB","7"
"LINARIA","7"
"CARESYL","6"
"JUNGATR","10"
"CAMPYLO","9"
"VIBUOPU2","4"
"SISYRIN","7"
"ELEOROS","6"
"MUHLASP","6"
"SCHOPUN","6"
"SALIRUB","7"
"MALABRA","7"
"ERYTALS","7"
"ATHYPUS","7"
"TORIJAP","7"
"CIRSBRE","7"
"UROPLIN","7"
"DIGIPUR","7"
"SCAPIRR","10"
"ANDRBLY","9"
"PLEOCHL","11"
"RUBULAC","3"
"GLECHED","7"
"LEPTRIP","9"
"JUNCEFF","6"
"ANEUPIN","10"
"BAZZPEA","10"
"POHLANN","9"
"OXALORE","7"
"LECILUR","11"
"COLLUND","11"
"ENDOPUS","11"
"GALITRD2","7"
"PLEUREF","6"
"LEPTTEN","11"
"EPILCIL3","7"
"SYZYAUT","10"
"BRACREF","9"
"CAMPHIP","9"
"HERZTUR","9"
"CEPHDIV","10"
"POHLELO","9"
"DITRHET","9"
"MNIUMAR","9"
"PLAGROS","9"
"SPHASUN","9"
"GEOCGRA","10"
"CLADGRY","11"
"DICRBON","9"
"TRITSCI","10"
"CLADREI","11"
"PLAGPIL","9"
"THALSPA","7"
"PINUBAN","1"
"ORTHOBT","9"
"LOPOEXC","10"
"PLEURUT","9"
"PLEUROZ","9"
"ORTHILI","7"
"GEOCAUL","7"
"HEDYBOR2","7"
"ASTRFIL","7"
"HOOKACU","9"
"COLLGRN","7"
"ERYSINC","7"
"SALIHOO","4"
"SOLAAME","7"
"SISYSEP","7"
"RINODIN","11"
"RIBELOB","4"
"ZIZIAPT","7"
"ELYMELY","6"
"TORTINC","9"
"SCUTLAT","7"
"CYNOBOR","7"
"CAREINO2","6"
"SOLILEP1","7"
"EPILLET","7"
"MEESLON","9"
"HYLOUMR","9"
"POTEHIP","7"
"ACHNOCC1","6"
"CANDTER","11"
"PUCCINE","6"
"BUXBAPH","9"
"SCHILAX","10"
"EURHPUL1","9"
"POGODEN","9"
"SALIRAU","4"
"BECKSYZ","6"
"ERIOPAU1","7"
"TRIGLOC","7"
"BARTPOM","9"
"POHLLUD","9"
"VIOLEPI","7"
"CAMPRAD","9"
"ERIGLEI","7"
"SALIPUL","4"
"OCHROLE","11"
"DIDYFAL","9"
"SYMPPUN","7"
"SALIEXI","4"
"AONGLON","9"
"CLADBOY","11"
"AQUIBRE","7"
"BRACOXY","9"
"TRAPELO","11"
"TRAPELI","11"
"TRIENTA","7"
"CHORISP","7"
"CEANOTH","0"
"BRYOGLA","11"
"BRACSTA","9"
"ORTHLUT","7"
"CORYSEM","7"
"PLATOBT1","7"
"TOLMIEA","7"
"AGROMER","6"
"SISYIDA2","7"
"HETEVIL2","7"
"DIDYVIN1","9"
"SALSTRA","7"
"PHAENIM","11"
"CALOPLA","11"
"SQUACAR","11"
"PARNASI","7"
"ARTHGLE","11"
"ACARSCH","11"
"PHYSCIA","11"
"PLAGNEM","9"
"POPULUS","2"
"OROBANC","8"
"DESCSOH","7"
"SPHAERO","11"
"SPAREUR","7"
"FONTANT3","9"
"PSEUREV","9"
"LECAHAS","11"
"GRINSQU","7"
"THELYPT","5"
"THELQUE","5"
"PTEROVA","9"
"TORTACA","9"
"DRABPRA","7"
"ASTRTEN","7"
"DRACPAR","7"
"CONIGME","7"
"RICCPAL","10"
"POROBIG","9"
"CAREECH","6"
"CARDANG","7"
"GYMNOCO","10"
"METZCON","10"
"LATHPRA","7"
"LIOCLAN","10"
"BROTROE","9"
"CHENDES","7"
"DESCINC","7"
"CARECOR","6"
"CONOTET","9"
"MAIARAC1","7"
"CONOCEP","10"
"EPILDAV","7"
"SIPHULA","11"
"HACKFLO","7"
"OLIGALI","9"
"WEISSIA","9"
"SCUTGAL","7"
"CORNACE","0"
"NECKERA","9"
"DICRDEN","9"
"CAREBIC","6"
"SAGITTA","7"
"ATRIPLE","7"
"CAREVIR1","6"
"DRABVEN","7"
"LITHOPH","7"
"DRABGRA","7"
"PAPALAP","7"
"ERIGLAN","7"
"ERIGACR6","7"
"BRYUCAP","9"
"DRABRUA","7"
"HEDWCIL","9"
"SILEDIC","7"
"HYGROHY","9"
"WOODILV","5"
"SALIAMY","2"
"RUMEOCC","7"
"JUNCALP","6"
"SALIFAR","4"
"GALIPAL","7"
"FRITAFF1","7"
"IRIS","7"
"GLYCPUL","6"
"FISSOSM","9"
"LUPIKUS","7"
"DRYOCRI","5"
"DIETCAN1","7"
"CALYPTR","7"
"TORTMUR","9"
"DICRSUB","9"
"GEUMROS","7"
"MERTENS","7"
"GRIMPUL","9"
"MUHLENB","6"
"CAREROT","6"
"CAREPAR","6"
"DRABPAL","7"
"DRYOFRA","5"
"HEDWIGI","9"
"ELEOACI","6"
"ASTREUC","7"
"CARESCP","6"
"PENSALB","7"
"HALEDEF","7"
"MICRREF","7"
"LOBELIA","7"
"CARECRW","6"
"ERIOPHY","7"
"SENEERE","7"
"JUNCSTY","6"
"SPHAFIM","9"
"SCHEUCH","7"
"SPHAWUL","9"
"ELEOOBT","6"
"CAREVUL","6"
"CAREBUX","6"
"DRYAINT2","12"
"CARELUZ","6"
"ASTRVEX","7"
"PSEUTEC","9"
"ARTETRP","4"
"MELAMPY","7"
"MERTLON","7"
"DRYOARG","5"
"HOMANEV","9"
"BLINACU","9"
"ADIANTU","5"
"VICINIG","7"
"ACMIDEN","7"
"TRIFWOR","7"
"POHLCOL","9"
"PILOPHO","11"
"POTAMOG","7"
"ERYTMOS","7"
"UMBIVIR","11"
"PHILADE","4"
"BRYUMUE","9"
"EUPHRAS","7"
"POHLDRU","9"
"TEPHYUK","7"
"MELACOM","11"
"PSEUMIN","11"
"FRAXLAT","2"
"BRYOTRI1","11"
"SALISES","4"
"FRAGVES2","7"
"LATHNEV2","7"
"ASTRMIS2","7"
"DICRSCH","9"
"LUPIARC3","7"
"SYNTPRI","9"
"CORNUS","0"
"POLYPOD","5"
"PSEUPAT","9"
"TIMMMEG1","9"
"PYROELL","7"
"ISOPTER","9"
"HETEMAC","9"
"COELMUR","11"
"MELASTY","11"
"CLADCER2","11"
"HYGRSTY","9"
"BRODORO","11"
"ARCTCEN","11"
"STERBOT","11"
"FRITILL","7"
"MINUNUT","7"
"APOCCAN","7"
"SOLIGLU","7"
"CREPCAP","7"
"HOMAPIN","9"
"LUPILEP","7"
"TANACET","7"
"ARTETRI2","4"
"THALALP","7"
"BOECSPA","7"
"HEPPIA","11"
"RANUGRA","7"
"TANAVUL","7"
"SISYLIN","7"
"SPHAERC","10"
"PSEUDEP","9"
"THALDAS","7"
"GENTCAL","7"
"STELOBT","7"
"LITHGLA","7"
"BOECMIC","7"
"PACKCON","7"
"FESTOVI","6"
"SABUNUT1","7"
"EPILCIL1","7"
"PHYLXIN","12"
"ASTRAUS","7"
"HACKDIF","7"
"HOMANUT","9"
"CREPINT","7"
"LOMADIS2","7"
"COELVIR2","7"
"LEPRMEB","11"
"URTIDIO1","7"
"PRIMLAT","7"
"FISSBRY","9"
"ANTEANA","7"
"TETRCAN","7"
"HELIUNI","7"
"TROLLIU","7"
"RANUGLA2","7"
"PANNARI","11"
"BRYOTRI2","11"
"PSEURAI","11"
"FUNAHYG","9"
"PENSDAV2","12"
"CAMELIN","7"
"VICISAT1","7"
"TRIPLEU","9"
"PARMSAX","11"
"PARALON","9"
"GYMNCON","10"
"XANTCAN","11"
"ALLIUM","7"
"RORISYL","7"
"ASTRBEC","7"
"CYNOSTR","9"
"MARCALP","10"
"ACHIMIL2","7"
"AULAACU","9"
"SCIRATR","6"
"THERVEL","11"
"ANASMIC","10"
"SPHAPLA","9"
"VEROSER1","7"
"WARNPRO","9"
"CREPMOD","7"
"CLINTON","7"
"OXYTCAM3","7"
"CAMPSTE3","9"
"CARELET1","6"
"ASPLENI","5"
"RANUPEN","7"
"CLADBAI","11"
"EPILHAL","7"
"CYPRPAR2","7"
"GAULTHE","0"
"COMAUMB1","7"
"PSEUDOE","9"
"VIOLCAN2","7"
"SORBSIT1","4"
"APOMPUB","10"
"STRESTR2","7"
"ARTHROR","11"
"ANTEPUL2","7"
"URTICA","7"
"ALLOTRO","8"
"CLEMATI","4"
"PACKPSE1","7"
"XANTHOR","11"
"HERZSEL","9"
"BRYOFUS","11"
"CYPHINQ","11"
"ACONCOL2","7"
"ERICACE","0"
"BUXBPIP","9"
"GENTAMA1","7"
"CASSMER1","12"
"RINOARC","11"
"BRYOCHA","11"
"ANDRCHA1","7"
"PHYSALN","11"
"HYPNVAU","9"
"BRYUALG1","9"
"CLAYMEG","7"
"BOECPEN","7"
"XANTELE","11"
"PHYSCOA","11"
"BRYOSIM","11"
"LOPHVEN6","10"
"HETEDIM","9"
"HYPNPAL","9"
"CLADIMB","11"
"LOMAMAR","7"
"NODOORE","11"
"LEPRSUB","11"
"RHIZOCA","11"
"CALLCUS","9"
"PSEUDOA","11"
"PHYSAIP","11"
"POLYSEN","7"
"BUXBVIR","9"
"BUXBAUM","9"
"TOWNPAR","7"
"RICCCHA","10"
"MNIUAMB","9"
"PHYSDUB","11"
"XANTFAL","11"
"CALODEC","1"
"DIPLMUS1","11"
"CAPRIFO","0"
"PARMELO","11"
"ARUNCUS","7"
"ACARFUS","11"
"CONVOLV","7"
"COSCCAL","9"
"PHYSADS","11"
"DERMATO","11"
"HETEVIL3","7"
"TUCKCHL","11"
"TRICAUS","9"
"LEPTALB","11"
"ACER","0"
"ATHYRIU","5"
"VIOLSEL","7"
"DIDYVIN","9"
"CAREPRR","6"
"DREPCRA","9"
"CAREXER","6"
"ROMASIT","7"
"ELYMXSA","6"
"CRATAEG","4"
"VALERIA","7"
"LEUCANT","7"
"SPHAMEN","9"
"BIDECER","7"
"HYPERIC","7"
"CYPERAC","6"
"PYRUS","2"
"POLYSCO","5"
"BASSSCO","7"
"LITHOSP","7"
"PUCCDIS","6"
"SILELAT","7"
"HELIANT","7"
"RANUSCE2","7"
"MENTSPI","7"
"GERACAR","7"
"VICICRA","7"
"BRODIAE","7"
"CAREECH1","6"
"CAREADU","6"
"POTESAN1","7"
"PLACASE","11"
"PARALEU","9"
"CORYLUS","4"
"ADENOCA","7"
"ARMORUS","7"
"VIOLPUR","7"
"AVENSAT","6"
"OLSYDOU","7"
"ECHIVUL","7"
"SILEDRU1","7"
"ELYMALB","6"
"BETULX","2"
"TARAXIA","7"
"GENTVIR2","7"
"ACHILLE","7"
"CHIMAPH","12"
"RHYTIDU","9"
"BRACPOP","9"
"GALEOPS","7"
"LUZURUF","6"
"SALIPET","4"
"SENESHE","7"
"ALOPCAR","6"
"LICHENC","11"
"VEROCAT","7"
"SIBBALD","12"
"LEYMUS","6"
"ELYMSIB","6"
"THUIDEL2","9"
"CASTHYP","7"
"FESTTRA","6"
"PENSGOR","7"
"RAMALIN","11"
"SOLINEM4","7"
"ARCTAGR","6"
"ISOLCER","6"
"WAYNEA","11"
"THUIDEL","9"
"TETRAPL","9"
"PACKPLA","7"
"SOLIMIS","7"
"POTERIV","7"
"CAREENG","6"
"CICUTA","7"
"EUTHOCC","7"
"LACTCAN","7"
"IMPATIE","7"
"GNAPHAL","7"
"SCROPHL","7"
"GNAPULI","7"
"CIRSPAL","7"
"GALIVER","7"
"MALVNEG","7"
"ACONITU","7"
"LIGUSCO","7"
"STEPHAN","7"
"LINAPUN","7"
"NOTHTRO","7"
"HAPLOMI","10"
"ASTRSCL","7"
"OENOPAL","7"
"NESLPAN","7"
"CYNOGLO","7"
"GAURA","7"
"PENSPRU","7"
"AMMANNI","7"
"CYPERUS","6"
"LYTHRUM","7"
"CHRYVIS","7"
"COLLTEN","11"
"ERIGPOL","7"
"LINAPUR","7"
"HELIANH","7"
"ERIODER","11"
"PANICUM","6"
"DULIARU","6"
"BRASSCH","7"
"ARRHELA","6"
"ELODCAN","7"
"SPARANG","7"
"ASTRDRU","7"
"SPORAIR","6"
"LUPISUL","7"
"LOTUS","7"
"LOTUCOR","7"
"MYOSURU","7"
"ELAEANG","2"
"GALITRD3","7"
"VACCARI","7"
"PHYSTRI","11"
"CALLICL","9"
"LOBASCR","11"
"NOTHOCA","7"
"ARTETRI1","4"
"CAMESAT","7"
"CARERET","6"
"HYPEANA","7"
"ALISTRI","7"
"BRACPLU","9"
"BARBVUL","7"
"ENCAALP","9"
"POLYIMB","5"
"DISTSPI2","6"
"ERIOCAL","6"
"SPERSAL","7"
"CUSCPAC1","8"
"ELYHMAC","6"
"PHYSOCA","4"
"STACPAL","7"
"AGROORE","6"
"MENTLAE","7"
"PSORMON","11"
"PARIPEN","7"
"XANTHOP","11"
"PSORTUC","11"
"PARMELI","11"
"MELILOT","7"
"NASTOFF","7"
"MYRIGRA","5"
"SISYMBR","7"
"GENTAFF","7"
"CAREAPE","6"
"LOMABRA","7"
"CORYAUR","7"
"XANTCOL","11"
"CAREDUR","6"
"LARIDEC","1"
"ANAPHAL","7"
"ROSARUB1","4"
"HACKDEF","7"
"PSORGLO","11"
"ONOBVIC","7"
"LEPIVIR","7"
"STACARV","7"
"RHYNCHO","6"
"CACANAR","7"
"SALITWE","4"
"RAPHSAT","7"
"ERIOPAU","7"
"SYMPLAN1","7"
"BRASENI","7"
"RHUS","4"
"CENTCYA","7"
"RORICUV","7"
"ENDOCAR","11"
"ALISMA","7"
"IRISPSE","7"
"VALLAME","7"
"HIPPTET","7"
"COTULA","7"
"JUNCFAL","6"
"LATHPAL","7"
"CALLSTA","7"
"LILAOCC","7"
"LOBALIN1","11"
"SPHAWIL","9"
"LEMNA","7"
"ARCTEMI","6"
"FUCUS","13"
"SANIGRA","7"
"FONTNEO","9"
"CHENGLA","7"
"MOLLVER","7"
"PSEUTRI","9"
"STERINT1","11"
"SELIDON","9"
"PYLIPOL","9"
"BORAGIN","7"
"RACODIU","11"
"RANUALI","7"
"THELIDI","11"
"PYLIISI","9"
"MICROSE","7"
"TORTELL","9"
"CAREPED","6"
"MYRIOPH","7"
"SCHOPUN1","6"
"LOBEDOR","7"
"GLYCMAX","6"
"POTEOCC","7"
"PYRENUL","11"
"TORREYO","6"
"CONACOM","9"
"DICRRUF","9"
"SOLOOCT","11"
"SALINIP","4"
"THELYPO","7"
"ANTHEMI","7"
"CLEOME","7"
"ECHICRU","6"
"DREPSEN","9"
"CICUMAU","7"
"TORTFRA","9"
"ORTHCHR","9"
"LECIEUP","11"
"NUPHAR","7"
"EUPHORB","7"
"DERMMIN","11"
"ANOMFIL","9"
"SPLARUB","9"
"JUNCNOD","6"
"LETHCOL","11"
"PLAGIOB","7"
"POLYBLA","11"
"CALLPAU","7"
"LYCOASP","7"
"RHIZGRC","9"
"SPHABAL","9"
"ALOPGEN","6"
"VERATRU","7"
"PERSMAC","7"
"CLAOPOD","9"
"PEDILAG1","7"
"BOTRHES","5"
"DESMATO","9"
"POTTIAC","9"
"TRILLIU","7"
"GEUMSCH","7"
"SYMPFAL","7"
"SCLEOBT","9"
"BRYOPSE","11"
"PHYLLOS","7"
"ERIGCAE","7"
"CAREINE","6"
"RAPHANU","7"
"BARBARE","7"
"CARELET2","6"
"CLADCRI1","11"
"BRYUCAL","9"
"SAUSAME","7"
"TEPHFRI","7"
"SPHAHEN","9"
"CICUMAU1","7"
"CUPRESS","0"
"AGRISTR","7"
"ARTELIN","7"
"CETRELI","11"
"DACTYLI","6"
"PERTCAR","11"
"ACHIALI","7"
"COTUCOR","7"
"CLIMACI","9"
"UMBICYL","11"
"PHLOSPE1","7"
"CARESCO","6"
"ARNILON","7"
"CALLIEO","9"
"CLAYPAR","7"
"BLECHNU","5"
"ARTEFUR","7"
"POTAALP","7"
"BRACSAL2","9"
"DRABLAC","7"
"SALIALA2","4"
"CLADCYA","11"
"AGROFRA","6"
"RUBUARC2","12"
"VICINIG1","7"
"DESCCES2","6"
"SAGIMAX","7"
"POHLLON","9"
"HERBERT","10"
"DICHACU1","6"
"DROSLIN","7"
"WARNSAR","9"
"ODONFLU","10"
"RHIZEUP","11"
"SCORCOS","9"
"CHARA","13"
"VIBURNU","4"
"SCAPMUC","10"
"AGOSLAC","7"
"ULOTOBT","9"
"SPHAALA","9"
"STUCPEC","7"
"PHALARI","6"
"ELEOELL","6"
"HYPNBAM","9"
"SYMPCIL","7"
"CARDBRE","7"
"CAREHEL","6"
"LECANAC","11"
"CAREPER","6"
"ASPICIN","11"
"LOPHBID","10"
"SALIBOO","4"
"VERBASC","7"
"PERSHYR","7"
"SPHACUS","9"
"CLARAMO","7"
"CYNOSUR","6"
"MIMUSOO","7"
"HYPOCHA","7"
"ANTHOXA","6"
"HETEROC","7"
"PLECBRA","7"
"EPILFOL","7"
"TRITELE","7"
"CLARKIA","7"
"PERIDER","7"
"NUTTTEX","7"
"CYTISUS","4"
"GITHSPE","7"
"DICHOLI1","6"
"CASTAMB1","7"
"ASPIDOT","5"
"PLAGTEN","7"
"LINANTH","7"
"PICEGLM","1"
"SCHIHET","9"
"RHIZALP","11"
"PLECTRI","7"
"COREOPS","7"
"PLACYNT","11"
"THELYPE","5"
"ZYGOPHY","7"
"MACHAER","7"
"BRYOLAN","11"
"CHAMANG1","7"
"SPIRPOL","7"
"CARUCAR","7"
"HYGRTEN","9"
"PHYSCAE","11"
"CALIVIR","11"
"UMBIVEL","11"
"CAREFET","6"
"PLATISM","11"
"SAGICUN","7"
"FISSGRA","9"
"SANGMEN","7"
"PILOACI","11"
"GNAPPAL","7"
"UMBITOR","11"
"MONTDIF","7"
"SILECSE","7"
"ACERNEG","2"
"CHRYSOS","7"
"POHLFIU","9"
"RHIZMAC","11"
"SERIRIG","7"
"MYRIVER","7"
"SOLANUM","0"
"XANTPOL","11"
"POTANOD","7"
"UTRIGIB","7"
"SAMBRAC5","4"
"SPHAERA","7"
"RUMEACO1","7"
"ERYSIMU","7"
"PHILFON4","9"
"HYPOIMS","11"
"IMPAGLA","7"
"LYCIUM","4"
"PUNCTEL","11"
"SALIALB","4"
"AMELANC","4"
"SPIRANT","7"
"ELEOKAM","6"
"MEDIPOL","7"
"PSILOCA","7"
"CLADNOR","11"
"MELASUA","11"
"CHRYCAN","11"
"ORTHRUP","9"
"PHYSPHA","11"
"ZANNPAL","7"
"FULGENS","11"
"VULPMIC","6"
"PSOROMA","11"
"TIMMCRA","9"
"MELANEL","11"
"COMAUMB2","7"
"SCLEROP","9"
"LEPTSUB","11"
"VIOLSOR","7"
"DICRFRA","9"
"EVERMES","11"
"PLEURID","9"
"POPULX","2"
"HYPOAUS","11"
"SALIALA1","4"
"CARESWA","6"
"CAREGAR","6"
"PLATDIL3","7"
"THERMOP","7"
"EMPETRU","12"
"BRYONOA","11"
"STELGRA","7"
"PHYSBIZ","11"
"MELAINF","11"
"PANNPRA","11"
"STENANT","7"
"CORNNOR","11"
"BROMPUM2","6"
"MUHLAND","6"
"LECIDEU","11"
"VIOLARV","7"
"ARENLON","7"
"POTEBIP","7"
"AULACON","9"
"POLYGAL","7"
"ERYTBRW","7"
"HEMIRAN","7"
"PSEUTHE","7"
"POLYAVI","7"
"SALILAS1","2"
"THYMELA","3"
"SISYCAL","7"
"JUNCINT","6"
"AMELCUS","4"
"ACARGLA","11"
"PRUNAVI","2"
"FLAVFLA","11"
"POTAFOL","7"
"JUNCCOV","6"
"RHIZGEM","11"
"BRYUTUR","9"
"XANTPAR","11"
"XYLOGRA","11"
"FESTFIL","6"
"LEPROLO","11"
"CETRCET","11"
"RHIZMEL","11"
"GRIMANO","9"
"PHEMSED","7"
"MELAHEP","11"
"XANTCUM","11"
"MEDISAT1","7"
"PENTAGR","5"
"SYNTCAN","9"
"MICRMIN","7"
"ANEMCYL","7"
"SCOUAQU","9"
"BOLBMAR1","6"
"SAXIFRG","7"
"CHRYCHL","11"
"STICTA","11"
"LYCOPOA","5"
"JUNCPEL","6"
"JUNCBUL","6"
"SCIRCYP","6"
"VACCCOR","4"
"IMPAPAR","7"
"USNEGLA","11"
"BETUPUB","2"
"PLATHER","11"
"ORTHLYE","9"
"ERIOVIG","6"
"KURZSYL","10"
"ARISTID","6"
"HEDWIGA","9"
"BETUALL","2"
"SPARNAT","7"
"CARDARI","7"
"PACKOGO","7"
"DACTARC1","11"
"DACTARC2","11"
"DACTMAD","11"
"CONIOSE","7"
"BRYOCAU","11"
"DACTYLO","11"
"SILEDOU1","7"
"LYSICHI","7"
"CAREEPA","6"
"CALOLYA","7"
"HYPOVIT","11"
"MYRIGRC","5"
"DITRMON","9"
"MARSSPR","10"
"APOTREU","10"
"NAJAFLE","7"
"LUDWPAL","7"
"JUNCACU","6"
"SCHOSUB","6"
"POTAPRA","7"
"ISOETEN","5"
"SPARFLU","7"
"SUBUAQU","7"
"POTAROB","7"
"POTAAMP","7"
"GYROUND","10"
"MYRIFAR","7"
"MATRDIS","7"
"SPHACON","9"
"NARDJAP","10"
"PASTINA","7"
"PEDIBRA1","7"
"RUBIACE","7"
"SQUAMAR","11"
"PSEURAD1","9"
"PHYSDID","7"
"CANDCON","11"
"BRAYHUM","7"
"HYPOSCA","11"
"DRABALB","7"
"ASKEELE","7"
"PRIMMIS","7"
"USNELON","11"
"DICRFUS2","9"
"POLYPOG","6"
"PELLEPI","10"
"ABIELAS1","1"
"MARSSPA","10"
"SOLEOBO","10"
"CIRCALP2","7"
"GLYCXOC","6"
"RACOVAR","9"
"SAUSSUR","7"
"HIERUMB1","7"
"HEUCRIC","7"
"VERBBRA","7"
"BRYUCAN","9"
"CHAMGLY","7"
"MELIOFI","7"
"POTAEPI","7"
"SALIGEY","4"
"CYNODOT","9"
"BRYUSCH","9"
"BOUTGRA","6"
"SABUMAC","7"
"RIBEOXY3","4"
"PLATNOR","11"
"VULPIA","6"
"ADIACAP","5"
"ATRITRU","7"
"CASTTEN","7"
"CHENATR","7"
"SYMPALB2","4"
"DIANTHU","7"
"ARCTXME","3"
"MADIGLO","7"
"SUBULAR","7"
"PRUNLAU","3"
"JUNCEFF3","6"
"FRAGVIR2","7"
"JUNCHES","6"
"CAREART","6"
"HOLOSTE","7"
"ERIOLAN2","7"
"ARTECAM2","7"
"BERBERI","3"
"CLAYEXI","7"
"MYOSSCO","7"
"CLADPRL","11"
"DIGITAL","7"
"COTOHOR","4"
"JUNCCOG","6"
"HEDERA","3"
"SCHOENP","6"
"ISOETES","5"
"LATHJAP2","7"
"RUPPIA","7"
"LLOYDIA","7"
"TYPHA","7"
"LUPILAT","7"
"SECACER","6"
"TEPHPAL","7"
"HYGRDUR","9"
"PSEUDOL","9"
"HYGRLUR","9"
"HOMATRI","9"
"METZLEP","10"
"FRULCAL","10"
"CLAOPEL","9"
"ULOTPHY","9"
"EPIPTOZ","9"
"MORECAL","3"
"RADUBOL","10"
"RUMEOBT","7"
"DOUIOVA","10"
"VULPCAN","11"
"CYPESQU","6"
"PHLOHOO","7"
"DITRAMB","9"
"FONTINA","9"
"PYRACAN","4"
"LICHCAN","11"
"BRYUALG","9"
"ASTRCRA","7"
"CLADECM3","11"
"SILEURA1","7"
"PAPARAD1","7"
"PHRAAUS","6"
"MALAPAL","7"
"DESCLON","7"
"CIRSDRU","7"
"CALLA","7"
"CERAFIS","7"
"SCUTELL","7"
"BRYACEA","9"
"POTEGLU1","7"
"BROMPOR","6"
"PASCOPY","6"
"JUNCBOL","6"
"DELPSUT","7"
"CASTMIN2","7"
"CARESCP1","6"
"PHACLEP","7"
"EURYMER","7"
"ARCTOA","9"
"LUPIARU","7"
"TUCKAME","11"
"ERIGOCH","7"
"GRAPHWOL","6"
"CARECAN2","6"
"ASTRMIC","7"
"GALILAB","7"
"LEYMTRI","6"
"SALICOR","7"
"LOLIUM","6"
"DRACTHY","7"
"SPARTIN","6"
"CARDUUS","7"
"CARESCI2","6"
"PILOCLA","11"
"ACAROSP","11"
"CANDVIT","11"
"LECISUI","11"
"CAREVAL","6"
"HEPPIAC","11"
"CLADALA","11"
"MATRCHA","7"
"EQUIHYE1","5"
"CAREGME","6"
"LEPTPAL","11"
"SPHAQUI","9"
"CAMPFLE","9"
"KIAEGLA","9"
"HYGRBES","9"
"CALAMON","6"
"POHLVEX","9"
"POLYAUS","7"
"ARNILOU","7"
"PTERSUB","9"
"USNELAP","11"
"HACKELI","7"
"LOPHWEN2","10"
"PHYSPYR","9"
"PSEUNIT","9"
"TORTPRO","9"
"DIDYRIG2","9"
"ALECSAR1","11"
"PHYSARC","7"
"BRYULIS1","9"
"NEOHAND","7"
"PIPTCAA","6"
"CARECRA","6"
"PANICAP","6"
"JAPETOR","11"
"ENCAAFF","9"
"PYRRCIN","11"
"ORTHPAL","9"
"ICMADOH","11"
"XANTPLA","11"
"SOLOSPO","11"
"PSORRUB","11"
"UMBIKRA","11"
"OPHILAP","11"
"ACORAME","7"
"ERYTMON","7"
"HEUCMIC1","7"
"POLYSCP","5"
"CHAMAEC","1"
"CAREAMP","6"
"FISSVEN","9"
"ERUCGAL","7"
"ARCEAME","8"
"PLATSTE","11"
"ESSLIDA","11"
"JUNCVAS","6"
"SELARUP","5"
"ANDROCC","7"
"VACCVIT1","12"
"LINNBOR2","12"
"CAREAQU2","6"
"AMPHLAP","9"
"PEDISUD1","7"
"TEPHATR","11"
"LECISTI","11"
"ASPICAE","11"
"XYLOPAR","11"
"PROTBAD","11"
"RUBUIDA3","4"
"RHIZSUP1","11"
"CANDAUR","11"
"UMBIPOL","11"
"LECAFRU","11"
"SPILREV","11"
"XANTSOR","11"
"VARIRHO","11"
"GALINSO","7"
"ISOPMUE","9"
"TRICTEN","9"
"SPLACHA","9"
"ANACMEN","9"
"LOBARET","11"
"ANDRMEG","9"
"LEPTLIC","11"
"PHILFON1","9"
"ISOEOCC","5"
"MYURTEN","9"
"MENTDIS","7"
"LYSIMAC","7"
"POHLBUL","9"
"AMBLYSE","9"
"SCORPID","9"
"CLADSCH","11"
"LEPTSAT","11"
"CRYPCAS","5"
"XANTCAM","11"
"KAERMER","11"
"MICRRUF","7"
"SENEHYD","7"
"LEWICOL","7"
"SOLINEM","7"
"GALISPU","7"
"GRIMMON","9"
"LYTHSAL","7"
"RACORYS","9"
"SPHAJEN","9"
"BORAGO","7"
"HEDEHIS","7"
"CALLHER","7"
"HORDEUM","6"
"KOENISL","7"
"LEWIPYG","7"
"DIPLOTA","7"
"VEROHED","7"
"UMBIHAV","11"
"NEPHSIL","11"
"CALAPUR4","6"
"SCHEPAL1","7"
"PALUDEL","9"
"SCHITEN","9"
"AHTIPAL","11"
"CLAYWAS","7"
"CAREATA","6"
"PSEUANO","11"
"RORICUR","7"
"HACKCIL","7"
"VEROFIL","7"
"SPHATUC","11"
"UMBIANG","11"
"PELTGOW","11"
"CASTCUS","7"
"DRABCOR","7"
"UMBILYN","11"
"HELEAUT","7"
"SAELANI","9"
"DREPSOR","9"
"TAYLLIN","9"
"IMPAECO","7"
"ALISGRA","7"
"PANIDIC","6"
"LITHTHO","7"
"GYPSPAN","7"
"TETRADY","7"
"LEPIPER","7"
"FUNARIA","9"
"LAPPOCC","7"
"LUPIARG","7"
"CHENOPD","7"
"POLYMOS","6"
"LICHSTI","11"
"UMBIPHA","11"
"CHENFRE","7"
"ALLIGEY","7"
"CALIABI","11"
"ATRIOBL","7"
"ALOIBIF","9"
"BASSHYS","7"
"CARESYC","6"
"GRIMOVA","9"
"SPARHYP","7"
"DIETCAN","7"
"OLSYDOU2","7"
"FILAVUL","7"
"MELAELE","11"
"SHEPARG","4"
"ERICAME","4"
"ELYMLAN4","6"
"GLYCLEI","7"
"CERAFAL","7"
"LEWICOL1","7"
"ORTHALP","9"
"ELLINYC","7"
"SISYOFF","7"
"ASTRLEN","7"
"HELIUNI1","7"
"CASTHIS1","7"
"MELASUE","11"
"NEMOBRE","7"
"CALYPSO","7"
"SYMPFAL1","7"
"SCHIRIV","9"
"ROBINIA","2"
"ROSAPIS","4"
"PLANTAI","7"
"DITRSCH","9"
"TELLIMA","7"
"CLAOWHI","9"
"PLATRIP","9"
"APOMREV","10"
"PILOCER","11"
"TRICCYL","9"
"MOERHIB","10"
"BOYKINI","7"
"CAMPFRA","9"
"BARTLES","9"
"RANUARC","7"
"PHACOPS","11"
"SCOLOCH","6"
"FUMARIA","7"
"VALERIN","7"
"SCLEROH","6"
"LONIDIO1","4"
"ANDROME","12"
"BOSCHNI","8"
"AVENA","6"
"TETRODO","9"
"DICTYON","11"
"CAPSELL","7"
"SCOLICI","11"
"CAPPARA","7"
"RHIZLEC","11"
"HALENIA","7"
"HETEROD","11"
"APERA","6"
"MENTLAE2","7"
"BIDENS","7"
"OENOVIL","7"
"HORDVUL","6"
"SETAVIR","6"
"AVENFAT","6"
"THINPON","6"
"SCHOAME","6"
"APOCXFL","7"
"BETUPEN","2"
"DULICHI","6"
"JUNCCAN","6"
"CAMPINT","9"
"LOISELE","12"
"HEDYOCC","7"
"SANICUL","7"
"ERIGUNI2","7"
"CARDPRA","7"
"DAPHNE","3"
"OEMLERI","4"
"GLEHNIA","7"
"DENDABI","9"
"RHAPREP","7"
"MALUPUM","2"
"RHABDOW","9"
"ROBIPSE","2"
"CYSTOCO","11"
"CYNOGLA","9"
"NARCISS","7"
"CARDPAR","7"
"MOENCHI","7"
"CYNOGRA","9"
"RHODODE","0"
"LUETKEA","12"
"MENYANT","7"
"NEPHROP","7"
"ASARUM","7"
"DESCCES1","6"
"CROCMUL","7"
"HONKENY","7"
"PENSOVA","7"
"GYMNOMI","10"
"ELLIOTT","4"
"SCROCAL","7"
"PINGUIC","7"
"WOODFIM","5"
"TRITOMA","10"
"PRUNELL","7"
"GRINDEL","7"
"PAXISTI","3"
"NOTHOCH","7"
"CAREJON","6"
"LATHSYL","7"
"ANTEHOW1","7"
"AIRA","6"
"PRIMPAU2","7"
"PYRRCAR","7"
"IPOMAGG2","7"
"BRYULIS","9"
"BRYUPAE","9"
"BLASPUS","10"
"ERYTDEN","7"
"RUBUALL","4"
"MELASUO","11"
"ANEOCAN","7"
"PAPANUD","7"
"OREOSHE","7"
"POHLOBT","9"
"TONINIA","11"
"LUPIBUR","7"
"LUPILEU","7"
"ENCASPA","9"
"HELIPAU1","7"
"LUPIARC1","7"
"ANEOSIB","7"
"ROSAACI1","4"
"PLAGDEM","9"
"FABACEA","0"
"CASSTET2","12"
"GENTIAA","7"
"CAREBAC","6"
"BOTRASC","5"
"TRICPUM","6"
"MITECAU","7"
"TRITAES","6"
"SISYIDA1","7"
"BISTORT","7"
"ANTHHIR","6"
"CORELAN","7"
"ERIOSTR","7"
"PELLGAS","5"
"LINUBIE","7"
"PACKMAC","7"
"SYMPASC","7"
"GLYCLEP","6"
"PHYSPAR","7"
"CLADCRI2","11"
"SYMPLAN","7"
"ALLICRE","7"
"TORTHUM","9"
"PSORHIM","11"
"SORBSIT2","4"
"GRIMELA","9"
"SYMPLAE1","7"
"PLATHUR","7"
"ROELLIA","9"
"ANEMMUL5","7"
"CERAPUR3","9"
"HYGRMOL","9"
"PREISSI","10"
"EQUIVAR2","5"
"ILIARIV","7"
"CATILLA","11"
"JACOVUL","7"
"LUPINAN","7"
"LINNBOR3","12"
"WARNPSE","9"
"MONOLEP","7"
"HYLOCOI","9"
"LIMNANT","7"
"FLAVOPU","11"
"MELAAGN","11"
"SYMPSPA2","7"
"HYPOTUB","11"
"ULOTMEG","9"
"BRYUGEM","9"
"RUDBHIR","7"
"JUNCLON","6"
"ASTRLAX","7"
"MYCOAFF","11"
"LOMAFOE","7"
"GRATNEG","7"
"HAEMATO","11"
"VULPICI","11"
"RHIZCHR","11"
"GERAPUS","7"
"OXYRIA","7"
"ANEURA","10"
"CARECOM","6"
"METANEC","9"
"LEPICAM","7"
"LICHENO","11"
"CARESPR","6"
"PETRORH","7"
"CLADARB1","11"
"ACAROSO","11"
"CROSSID","9"
"HEPPLUT","11"
"CANDELA","11"
"LECANIA","11"
"LEPTTER","11"
"COLLCOC","11"
"CHAEDOU1","7"
"TORTCER","9"
"COLLCRI","11"
"ASPARAG","7"
"SARRPUR","7"
"HERZOGI","9"
"WARNTUN","9"
"PEDIMAC","7"
"ERIOOVA3","7"
"ARALIA","7"
"PLEUROA","10"
"SELIGER","9"
"CLADCOI","11"
"STERINT","11"
"THAMNEC","9"
"CAMPPER","7"
"VULPMIC2","6"
"BROTCAN","9"
"ANDRALP","9"
"NARCPSE","7"
"LAPSCOM","7"
"EPIPHEL","7"
"HEMIMIN","7"
"CONIMAC","7"
"PERSLAP","7"
"KRIGVIR","7"
"MOERCKI","10"
"TUCKORB","11"
"CLADNOV","11"
"STERDEP","11"
"APOCYNA","7"
"THROEPI","11"
"XYLOVIT","11"
"SCHIPEN","9"
"HYGRSMI","9"
"POHLPRO","9"
"PLAGIOR","9"
"FUSCMED","11"
"GRIMTOR","9"
"HACKDEF1","7"
"STEGPIL","9"
"STEGLAT","9"
"VERRVII","11"
"CLEVHYA","10"
"RHIZRIP","11"
"LOPAPEZ","11"
"MELASUU","11"
"LOBOALP","11"
"BUELTRI","11"
"AMYGPAN","11"
"GEUMMAC1","7"
"CAREPAL","6"
"FELLHAN","11"
"SPHAAON","9"
"XANTHIU","7"
"SCLECES","9"
"ELEOMAM","6"
"ELEOSUK","6"
"EPIPGIG","7"
"VICIVIL1","7"
"SOLAPHY","7"
"NEPHLAE","11"
"HEUCCYL1","7"
"PRUNVIR4","4"
"AGOSAUR2","7"
"POLEPUL1","7"
"GALEBIF","7"
"USNEHIR","11"
"SYMPFRO","7"
"LOMADIS1","7"
"TONIARO","11"
"SCHAALP","11"
"HERAMAN","7"
"PARMSQU","11"
"CERAPUM","7"
"TEPHROM","11"
"PHASCUM","9"
"CARAARB","7"
"JUNCCON","6"
"PHACHAS1","7"
"ELAEAGA","0"
"BRYUCAO","9"
"RAMASIN","11"
"PHYSSTE","11"
"SMELOWS","7"
"BALSAMI","7"
"CONRORI","7"
"BUDDDAV","4"
"TREMAMB","9"
"DENDROA","9"
"THLASPI","7"
"ERYTBRE","7"
"LECANOA","11"
"LECIFUU","11"
"ASTRPUR2","7"
"ASTRROB1","7"
"AQUIFOR2","7"
"PLATYDI","9"
"POLYDEN","11"
"ARBUTUS","2"
"HYPEAND","7"
"ORTHBRA","7"
"SYMPALB1","4"
"PLANMED","7"
"DIGISAN","6"
"PANNLEC","11"
"HYMEREC","9"
"ANCHOFF","7"
"GILIA","7"
"PSEUDOC","9"
"LEPTBUN1","11"
"VACCHIS1","7"
"VIOLPRA","7"
"AMSILYC","7"
"OENOTHE","7"
"TRIFBIF","7"
"PLAGGRA","10"
"CORYCOR5","4"
